date,timestamp,strategy,entry,opening_high,opening_low,swing_high,target,candle_type,symbol,expiry,strike,option_type,itm_rank,breakout_timestamp,confirmation_timestamp,exit_time,exit_price,outcome,mfe,mae,points_gained_lost,time_to_exit_minutes,entry_hour,entry_minute,before_10,entry_before_10,entry_after_10,weekday,volatility_10,premium_change,lower_wick,upper_wick,range,rejection_characteristic,breakout_characteristic,false_breakout,time_to_target_minutes
2026-08-31,2026-08-31 06:15:00+00:00,EKALAYAVA,866.0,881.95,813.6,860.3,881.95,unknown,NSE-NIFTY-01Sep26-23200-CE,2026-09-01,23200.0,CE,2,2026-08-31 06:15:00+00:00,2026-08-31 06:15:00+00:00,2026-08-31 06:30:00+00:00,881.95,TARGET,73.64999999999998,18.0,15.950000000000045,15.0,11,45,False,False,True,0,0.0145668558083446,11.0,0.0,0.0,0.0,unknown,False,False,15.0
2026-09-01,2026-09-01 09:20:00+00:00,EKALAYAVA,799.25,852.4,840.7,783.0,852.4,unknown,NSE-NIFTY-01Sep26-23200-CE,2026-09-01,23200.0,CE,2,2026-09-01 09:20:00+00:00,2026-09-01 09:20:00+00:00,2026-09-01 10:00:00+00:00,852.4,TARGET,55.75,-26.299999999999955,53.14999999999998,40.0,14,50,False,False,True,1,0.032941216884938326,20.25,0.0,0.0,0.0,unknown,False,False,40.0
2026-08-24,2026-08-24 04:05:00+00:00,EKALAYAVA,5.7,7.05,5.0,5.65,7.05,strong_green,NSE-NIFTY-01Sep26-23500-PE,2026-09-01,23500.0,PE,2,2026-08-24 04:05:00+00:00,2026-08-24 04:05:00+00:00,2026-08-24 05:25:00+00:00,7.05,TARGET,3.95,-0.20000000000000018,1.3499999999999996,80.0,9,35,True,True,False,0,,0.04999999999999982,0.0,0.04999999999999982,0.15000000000000036,strong_green,False,False,80.0
2026-08-25,2026-08-25 04:15:00+00:00,EKALAYAVA,6.05,8.0,6.25,6.05,8.0,indecision,NSE-NIFTY-01Sep26-23500-PE,2026-09-01,23500.0,PE,2,2026-08-25 04:15:00+00:00,2026-08-25 04:15:00+00:00,,,OPEN,0.9500000000000002,-1.4500000000000002,,,9,45,True,True,False,1,0.09628368568924725,0.0,0.20000000000000018,0.15000000000000036,0.40000000000000036,indecision,False,False,
2026-08-26,2026-08-26 04:15:00+00:00,EKALAYAVA,3.85,4.7,3.65,3.85,4.7,lower_rejection,NSE-NIFTY-01Sep26-23500-PE,2026-09-01,23500.0,PE,2,2026-08-26 04:15:00+00:00,2026-08-26 04:15:00+00:00,,,OPEN,0.0,-1.15,,,9,45,True,True,False,2,0.07652021913483299,0.0,0.09999999999999964,0.04999999999999982,0.19999999999999973,lower_rejection,False,False,
2026-08-28,2026-08-28 06:00:00+00:00,EKALAYAVA,3.2,3.65,2.55,3.2,3.65,upper_rejection,NSE-NIFTY-01Sep26-23500-PE,2026-09-01,23500.0,PE,2,2026-08-28 06:00:00+00:00,2026-08-28 06:00:00+00:00,2026-08-28 06:25:00+00:00,3.65,TARGET,0.44999999999999973,-1.2000000000000002,0.44999999999999973,25.0,11,30,False,False,True,4,0.038201694359392524,0.10000000000000009,0.1499999999999999,0.25,0.4500000000000002,upper_rejection,False,False,25.0
2026-08-31,2026-08-31 09:20:00+00:00,EKALAYAVA,2.05,2.25,1.65,2.2,2.25,upper_rejection,NSE-NIFTY-01Sep26-23500-PE,2026-09-01,23500.0,PE,2,2026-08-31 09:20:00+00:00,2026-08-31 09:20:00+00:00,2026-08-31 09:25:00+00:00,2.25,TARGET,0.5,-0.8999999999999999,0.20000000000000018,5.0,14,50,False,False,True,0,0.05606097872748929,0.19999999999999973,0.04999999999999982,0.20000000000000018,0.3999999999999999,upper_rejection,False,False,5.0
2026-09-01,2026-09-01 05:00:00+00:00,EKALAYAVA,0.65,0.9,0.7,0.7,0.9,normal,NSE-NIFTY-01Sep26-23500-PE,2026-09-01,23500.0,PE,2,2026-09-01 05:00:00+00:00,2026-09-01 05:00:00+00:00,2026-09-01 05:50:00+00:00,0.9,TARGET,0.45000000000000007,-0.6,0.25,50.0,10,30,False,False,True,1,0.05493703645194131,0.0,0.0,0.050000000000000044,0.09999999999999998,normal,False,False,50.0
2026-08-24,2026-08-24 04:05:00+00:00,EKALAYAVA,6.0,7.05,5.2,5.95,7.05,normal,NSE-NIFTY-01Sep26-23550-PE,2026-09-01,23550.0,PE,3,2026-08-24 04:05:00+00:00,2026-08-24 04:05:00+00:00,2026-08-24 05:25:00+00:00,7.05,TARGET,4.949999999999999,-0.15000000000000036,1.0499999999999998,80.0,9,35,True,True,False,0,,0.15000000000000036,0.0,0.09999999999999964,0.1999999999999993,normal,False,False,80.0
2026-08-25,2026-08-25 04:15:00+00:00,EKALAYAVA,7.0,9.4,7.05,6.95,9.4,lower_rejection,NSE-NIFTY-01Sep26-23550-PE,2026-09-01,23550.0,PE,3,2026-08-25 04:15:00+00:00,2026-08-25 04:15:00+00:00,,,OPEN,1.25,-1.9000000000000004,,,9,45,True,True,False,1,0.10160611642221444,0.09999999999999964,0.25,0.15000000000000036,0.4500000000000002,lower_rejection,False,False,
2026-08-26,2026-08-26 04:45:00+00:00,EKALAYAVA,4.05,6.0,3.9,4.0,6.0,lower_rejection,NSE-NIFTY-01Sep26-23550-PE,2026-09-01,23550.0,PE,3,2026-08-26 04:45:00+00:00,2026-08-26 04:45:00+00:00,,,OPEN,0.15000000000000036,-1.25,,,10,15,False,False,True,2,0.03411810607376334,0.09999999999999964,0.10000000000000009,0.04999999999999982,0.19999999999999973,lower_rejection,False,False,
2026-08-27,2026-08-27 09:15:00+00:00,EKALAYAVA,3.15,3.35,2.5,3.35,3.35,strong_red,NSE-NIFTY-01Sep26-23550-PE,2026-09-01,23550.0,PE,3,2026-08-27 09:15:00+00:00,2026-08-27 09:15:00+00:00,2026-08-27 09:35:00+00:00,3.35,TARGET,1.15,-0.10000000000000009,0.20000000000000018,20.0,14,45,False,False,True,3,0.04684132911147958,-0.20000000000000018,0.0,0.0,0.25,strong_red,True,False,20.0
2026-08-28,2026-08-28 06:00:00+00:00,EKALAYAVA,3.6,4.0,2.75,3.6,4.0,upper_rejection,NSE-NIFTY-01Sep26-23550-PE,2026-09-01,23550.0,PE,3,2026-08-28 06:00:00+00:00,2026-08-28 06:00:00+00:00,2026-08-28 06:25:00+00:00,4.0,TARGET,0.6000000000000001,-1.4500000000000002,0.3999999999999999,25.0,11,30,False,False,True,4,0.04292092119503328,0.10000000000000009,0.10000000000000009,0.3500000000000001,0.6000000000000001,upper_rejection,False,False,25.0
2026-08-31,2026-08-31 09:35:00+00:00,EKALAYAVA,2.35,2.45,1.8,2.55,2.45,upper_rejection,NSE-NIFTY-01Sep26-23550-PE,2026-09-01,23550.0,PE,3,2026-08-31 09:35:00+00:00,2026-08-31 09:35:00+00:00,2026-08-31 09:40:00+00:00,2.45,TARGET,0.5,-1.0,0.10000000000000009,5.0,15,5,False,False,True,0,0.05021886927404522,-0.1499999999999999,0.050000000000000266,0.19999999999999973,0.3500000000000001,upper_rejection,True,False,5.0
2026-09-01,2026-09-01 05:00:00+00:00,EKALAYAVA,0.7,0.95,0.7,0.75,0.95,upper_rejection,NSE-NIFTY-01Sep26-23550-PE,2026-09-01,23550.0,PE,3,2026-09-01 05:00:00+00:00,2026-09-01 05:00:00+00:00,2026-09-01 05:45:00+00:00,0.95,TARGET,0.44999999999999996,-0.6499999999999999,0.25,45.0,10,30,False,False,True,1,0.06172507173194824,-0.050000000000000044,0.0,0.15000000000000002,0.15000000000000002,upper_rejection,False,False,45.0
2026-09-01,2026-09-01 05:00:00+00:00,EKALAYAVA,907.0,912.55,904.2,900.0,912.55,unknown,NSE-NIFTY-08Sep26-23200-CE,2026-09-08,23200.0,CE,3,2026-09-01 05:00:00+00:00,2026-09-01 05:00:00+00:00,2026-09-01 05:25:00+00:00,912.55,TARGET,73.95000000000005,-113.54999999999995,5.5499999999999545,25.0,10,30,False,False,True,1,0.026708080614146625,7.0,0.0,0.0,0.0,unknown,False,False,25.0
2026-09-02,2026-09-02 06:20:00+00:00,EKALAYAVA,687.0,696.25,680.05,684.9,696.25,unknown,NSE-NIFTY-08Sep26-23200-CE,2026-09-08,23200.0,CE,3,2026-09-02 06:20:00+00:00,2026-09-02 06:20:00+00:00,2026-09-02 06:40:00+00:00,696.25,TARGET,71.64999999999998,-16.950000000000045,9.25,20.0,11,50,False,False,True,2,0.01912056845315431,9.350000000000023,0.0,0.0,0.0,unknown,False,False,20.0
2026-09-03,2026-09-03 06:10:00+00:00,EKALAYAVA,805.95,841.65,828.25,786.0,841.65,unknown,NSE-NIFTY-08Sep26-23200-CE,2026-09-08,23200.0,CE,3,2026-09-03 06:10:00+00:00,2026-09-03 06:10:00+00:00,,,OPEN,-13.200000000000045,-102.35000000000002,,,11,40,False,False,True,3,0.018366913522879367,19.950000000000045,0.0,0.0,0.0,unknown,False,False,
2026-09-08,2026-09-08 05:20:00+00:00,EKALAYAVA,499.05,513.6,504.25,501.45,513.6,strong_red,NSE-NIFTY-08Sep26-23200-CE,2026-09-08,23200.0,CE,3,2026-09-08 05:20:00+00:00,2026-09-08 05:20:00+00:00,,,OPEN,-1.1999999999999886,-139.2,,,10,50,False,False,True,1,0.02723344347195021,-1.75,0.0,0.8999999999999773,8.599999999999966,strong_red,False,False,
2026-09-08,2026-09-08 04:45:00+00:00,EKALAYAVA,470.4,470.9,454.15,476.9,470.9,normal,NSE-NIFTY-08Sep26-23250-CE,2026-09-08,23250.0,CE,2,2026-09-08 04:45:00+00:00,2026-09-08 04:45:00+00:00,2026-09-08 04:50:00+00:00,470.9,TARGET,0.6000000000000227,-163.54999999999995,0.5,5.0,10,15,False,False,True,1,0.03144540122531566,-4.5,11.849999999999966,0.0,24.149999999999977,normal,True,False,5.0
2026-08-24,2026-08-24 05:15:00+00:00,EKALAYAVA,12.7,13.95,12.1,12.65,13.95,strong_green,NSE-NIFTY-08Sep26-23500-PE,2026-09-08,23500.0,PE,2,2026-08-24 05:15:00+00:00,2026-08-24 05:15:00+00:00,2026-08-24 05:25:00+00:00,13.95,TARGET,10.7,-0.1999999999999993,1.25,10.0,10,45,False,False,True,0,0.018003165259829316,0.25,0.05000000000000071,0.05000000000000071,0.40000000000000036,strong_green,False,False,10.0
2026-08-25,2026-08-25 04:15:00+00:00,EKALAYAVA,16.6,21.45,17.6,16.8,21.45,lower_rejection,NSE-NIFTY-08Sep26-23500-PE,2026-09-08,23500.0,PE,2,2026-08-25 04:15:00+00:00,2026-08-25 04:15:00+00:00,,,OPEN,2.3999999999999986,-6.600000000000001,,,9,45,True,True,False,1,0.06497114625242137,0.05000000000000071,0.8000000000000007,0.3000000000000007,1.1999999999999993,lower_rejection,False,False,
2026-08-26,2026-08-26 04:40:00+00:00,EKALAYAVA,8.55,9.5,8.0,8.65,9.5,indecision,NSE-NIFTY-08Sep26-23500-PE,2026-09-08,23500.0,PE,2,2026-08-26 04:40:00+00:00,2026-08-26 04:40:00+00:00,2026-08-26 04:50:00+00:00,9.5,TARGET,2.3999999999999986,-0.3000000000000007,0.9499999999999993,10.0,10,10,False,False,True,2,0.017187677269217095,0.05000000000000071,0.20000000000000107,0.3000000000000007,0.5500000000000007,indecision,False,False,10.0
2026-08-28,2026-08-28 05:50:00+00:00,EKALAYAVA,12.9,16.65,13.4,12.9,16.65,normal,NSE-NIFTY-08Sep26-23500-PE,2026-09-08,23500.0,PE,2,2026-08-28 05:50:00+00:00,2026-08-28 05:50:00+00:00,2026-08-28 06:25:00+00:00,16.65,TARGET,5.35,-2.200000000000001,3.7499999999999982,35.0,11,20,False,False,True,4,0.04356993653582969,0.40000000000000036,0.10000000000000142,0.09999999999999964,0.5500000000000007,normal,False,False,35.0
2026-08-31,2026-08-31 03:55:00+00:00,EKALAYAVA,16.0,16.3,13.1,16.3,16.3,normal,NSE-NIFTY-08Sep26-23500-PE,2026-09-08,23500.0,PE,2,2026-08-31 03:55:00+00:00,2026-08-31 03:55:00+00:00,2026-08-31 04:10:00+00:00,16.3,TARGET,2.25,-5.25,0.3000000000000007,15.0,9,25,True,True,False,0,0.1393069405870628,0.40000000000000036,0.25,0.5,1.1999999999999993,normal,True,False,15.0
2026-09-01,2026-09-01 04:15:00+00:00,EKALAYAVA,11.3,13.1,11.3,11.1,13.1,upper_rejection,NSE-NIFTY-08Sep26-23500-PE,2026-09-08,23500.0,PE,2,2026-09-01 04:15:00+00:00,2026-09-01 04:15:00+00:00,2026-09-01 08:20:00+00:00,13.1,TARGET,7.800000000000001,-3.950000000000001,1.799999999999999,245.0,9,45,True,True,False,1,0.04597316089391295,0.3500000000000014,0.15000000000000036,0.5499999999999989,1.0,upper_rejection,False,False,245.0
2026-09-02,2026-09-02 05:10:00+00:00,EKALAYAVA,27.9,33.75,23.05,27.75,33.75,lower_rejection,NSE-NIFTY-08Sep26-23500-PE,2026-09-08,23500.0,PE,2,2026-09-02 05:10:00+00:00,2026-09-02 05:10:00+00:00,2026-09-02 06:30:00+00:00,33.75,TARGET,6.350000000000001,-9.049999999999997,5.850000000000001,80.0,10,40,False,False,True,2,0.050426854010599105,0.5,1.1000000000000014,0.05000000000000071,1.6999999999999993,lower_rejection,False,False,80.0
2026-09-03,2026-09-03 05:00:00+00:00,EKALAYAVA,8.75,12.6,8.4,8.5,12.6,strong_green,NSE-NIFTY-08Sep26-23500-PE,2026-09-08,23500.0,PE,2,2026-09-03 05:00:00+00:00,2026-09-03 05:00:00+00:00,2026-09-03 05:45:00+00:00,12.6,TARGET,4.25,-0.15000000000000036,3.8499999999999996,45.0,10,30,False,False,True,3,0.026851062765494715,0.25,0.09999999999999964,0.0,0.40000000000000036,strong_green,False,False,45.0
2026-09-04,2026-09-04 04:40:00+00:00,EKALAYAVA,7.5,12.0,6.2,7.5,12.0,upper_rejection,NSE-NIFTY-08Sep26-23500-PE,2026-09-08,23500.0,PE,2,2026-09-04 04:40:00+00:00,2026-09-04 04:40:00+00:00,,,OPEN,0.09999999999999964,-3.7,,,10,10,False,False,True,4,0.037384783908327925,0.0,0.04999999999999982,0.20000000000000018,0.2999999999999998,upper_rejection,False,False,
2026-09-07,2026-09-07 04:20:00+00:00,EKALAYAVA,4.25,4.75,3.3,4.15,4.75,normal,NSE-NIFTY-08Sep26-23500-PE,2026-09-08,23500.0,PE,2,2026-09-07 04:20:00+00:00,2026-09-07 04:20:00+00:00,2026-09-07 04:40:00+00:00,4.75,TARGET,2.95,-1.25,0.5,20.0,9,50,True,True,False,0,0.07131703297934498,0.20000000000000018,0.10000000000000009,0.09999999999999964,0.44999999999999973,normal,False,False,20.0
2026-09-08,2026-09-08 05:05:00+00:00,EKALAYAVA,3.75,4.05,2.85,3.5,4.05,strong_green,NSE-NIFTY-08Sep26-23500-PE,2026-09-08,23500.0,PE,2,2026-09-08 05:05:00+00:00,2026-09-08 05:05:00+00:00,2026-09-08 06:20:00+00:00,4.05,TARGET,0.9500000000000002,-3.7,0.2999999999999998,75.0,10,35,False,False,True,1,0.12190811129441495,0.3500000000000001,0.0,0.1499999999999999,0.5499999999999998,strong_green,False,False,75.0
2026-08-24,2026-08-24 04:30:00+00:00,EKALAYAVA,17.0,17.35,15.8,16.85,17.35,strong_green,NSE-NIFTY-08Sep26-23600-PE,2026-09-08,23600.0,PE,3,2026-08-24 04:30:00+00:00,2026-08-24 04:30:00+00:00,2026-08-24 05:20:00+00:00,17.35,TARGET,13.350000000000001,-0.6999999999999993,0.3500000000000014,50.0,10,0,False,False,True,0,,0.3000000000000007,0.0,0.0,0.25,strong_green,False,False,50.0
2026-08-25,2026-08-25 04:15:00+00:00,EKALAYAVA,22.3,25.9,22.3,22.3,25.9,lower_rejection,NSE-NIFTY-08Sep26-23600-PE,2026-09-08,23600.0,PE,3,2026-08-25 04:15:00+00:00,2026-08-25 04:15:00+00:00,,,OPEN,3.5,-10.65,,,9,45,True,True,False,1,0.07046148853733598,0.05000000000000071,1.1000000000000014,0.1999999999999993,1.4499999999999993,lower_rejection,False,False,
2026-08-26,2026-08-26 04:35:00+00:00,EKALAYAVA,9.75,11.25,10.2,9.6,11.25,upper_rejection,NSE-NIFTY-08Sep26-23600-PE,2026-09-08,23600.0,PE,3,2026-08-26 04:35:00+00:00,2026-08-26 04:35:00+00:00,2026-08-26 04:50:00+00:00,11.25,TARGET,4.1,-0.1999999999999993,1.5,15.0,10,5,False,False,True,2,0.029012833791476664,0.25,0.0,0.25,0.4499999999999993,upper_rejection,False,False,15.0
2026-08-28,2026-08-28 05:50:00+00:00,EKALAYAVA,16.5,21.35,19.15,16.4,21.35,strong_green,NSE-NIFTY-08Sep26-23600-PE,2026-09-08,23600.0,PE,3,2026-08-28 05:50:00+00:00,2026-08-28 05:50:00+00:00,2026-08-28 06:05:00+00:00,21.35,TARGET,8.149999999999999,-3.0999999999999996,4.850000000000001,15.0,11,20,False,False,True,4,0.0461381225591025,0.5,0.0,0.25,0.8000000000000007,strong_green,False,False,15.0
2026-08-31,2026-08-31 07:30:00+00:00,EKALAYAVA,18.55,22.35,13.05,19.05,22.35,normal,NSE-NIFTY-08Sep26-23600-PE,2026-09-08,23600.0,PE,3,2026-08-31 07:30:00+00:00,2026-08-31 07:30:00+00:00,,,OPEN,3.4499999999999993,-4.050000000000001,,,13,0,False,False,True,0,0.03071681255038779,-0.3999999999999986,0.15000000000000213,0.14999999999999858,0.75,normal,False,False,
2026-09-01,2026-09-01 04:15:00+00:00,EKALAYAVA,16.6,19.95,15.45,16.25,19.95,normal,NSE-NIFTY-08Sep26-23600-PE,2026-09-08,23600.0,PE,3,2026-09-01 04:15:00+00:00,2026-09-01 04:15:00+00:00,2026-09-01 08:20:00+00:00,19.95,TARGET,11.149999999999999,-6.750000000000002,3.349999999999998,245.0,9,45,True,True,False,1,0.060239603541400066,0.5,0.25,0.5999999999999979,1.3999999999999986,normal,False,False,245.0
2026-09-02,2026-09-02 05:10:00+00:00,EKALAYAVA,41.95,50.85,35.2,41.65,50.85,lower_rejection,NSE-NIFTY-08Sep26-23600-PE,2026-09-08,23600.0,PE,3,2026-09-02 05:10:00+00:00,2026-09-02 05:10:00+00:00,2026-09-02 06:30:00+00:00,50.85,TARGET,9.699999999999996,-13.350000000000001,8.899999999999999,80.0,10,40,False,False,True,2,0.04993106922839813,0.9000000000000057,1.5500000000000043,0.14999999999999858,2.700000000000003,lower_rejection,False,False,80.0
2026-09-03,2026-09-03 05:00:00+00:00,EKALAYAVA,13.0,19.95,11.55,12.7,19.95,normal,NSE-NIFTY-08Sep26-23600-PE,2026-09-08,23600.0,PE,3,2026-09-03 05:00:00+00:00,2026-09-03 05:00:00+00:00,2026-09-03 05:40:00+00:00,19.95,TARGET,10.2,0.05000000000000071,6.949999999999999,40.0,10,30,False,False,True,3,0.02363794173209331,0.40000000000000036,0.20000000000000107,0.05000000000000071,0.6000000000000014,normal,False,False,40.0
2026-09-04,2026-09-04 04:40:00+00:00,EKALAYAVA,12.3,15.6,11.6,12.35,15.6,upper_rejection,NSE-NIFTY-08Sep26-23600-PE,2026-09-08,23600.0,PE,3,2026-09-04 04:40:00+00:00,2026-09-04 04:40:00+00:00,,,OPEN,0.29999999999999893,-5.700000000000001,,,10,10,False,False,True,4,0.05004727758372924,0.05000000000000071,0.0,0.5,0.6000000000000014,upper_rejection,False,False,
2026-09-08,2026-09-08 05:05:00+00:00,EKALAYAVA,14.4,14.55,8.35,12.7,14.55,strong_green,NSE-NIFTY-08Sep26-23600-PE,2026-09-08,23600.0,PE,3,2026-09-08 05:05:00+00:00,2026-09-08 05:05:00+00:00,2026-09-08 05:10:00+00:00,14.55,TARGET,32.550000000000004,-14.35,0.15000000000000036,5.0,10,35,False,False,True,1,0.15154013212555506,2.0999999999999996,0.0,0.6500000000000004,2.8000000000000007,strong_green,True,False,5.0
2026-09-09,2026-09-09 06:55:00+00:00,EKALAYAVA,658.65,666.45,666.45,651.8,666.45,unknown,NSE-NIFTY-15Sep26-22900-CE,2026-09-15,22900.0,CE,3,2026-09-09 06:55:00+00:00,2026-09-09 06:55:00+00:00,2026-09-09 07:00:00+00:00,666.45,TARGET,68.75,-67.0,7.800000000000068,5.0,12,25,False,False,True,2,0.022241000525729398,8.449999999999932,0.0,0.0,0.0,unknown,False,False,5.0
2026-09-10,2026-09-10 04:20:00+00:00,EKALAYAVA,595.9,619.85,590.0,595.0,619.85,upper_rejection,NSE-NIFTY-15Sep26-22900-CE,2026-09-15,22900.0,CE,3,2026-09-10 04:20:00+00:00,2026-09-10 04:20:00+00:00,2026-09-10 06:40:00+00:00,619.85,TARGET,26.450000000000045,-70.89999999999998,23.950000000000045,140.0,9,50,True,True,False,3,0.026273641946081616,3.8999999999999773,0.6499999999999773,9.5,11.899999999999977,upper_rejection,False,False,140.0
2026-09-11,2026-09-11 04:00:00+00:00,EKALAYAVA,384.0,386.45,368.55,386.85,386.45,normal,NSE-NIFTY-15Sep26-22900-CE,2026-09-15,22900.0,CE,3,2026-09-11 04:00:00+00:00,2026-09-11 04:00:00+00:00,2026-09-11 04:05:00+00:00,386.45,TARGET,201.79999999999995,-14.350000000000023,2.4499999999999886,5.0,9,30,True,True,False,4,0.10344305811392361,4.149999999999977,4.100000000000023,6.800000000000011,15.900000000000034,normal,True,False,5.0
2026-09-15,2026-09-15 06:30:00+00:00,EKALAYAVA,454.0,655.4,589.8,452.85,655.4,strong_green,NSE-NIFTY-15Sep26-22900-CE,2026-09-15,22900.0,CE,3,2026-09-15 06:30:00+00:00,2026-09-15 06:30:00+00:00,,,OPEN,2.4499999999999886,-254.65,,,12,0,False,False,True,1,0.025886196591282096,9.199999999999989,0.6499999999999773,0.0,11.75,strong_green,False,False,
2026-09-10,2026-09-10 04:20:00+00:00,EKALAYAVA,451.9,474.25,444.6,454.3,474.25,upper_rejection,NSE-NIFTY-15Sep26-23050-CE,2026-09-15,23050.0,CE,2,2026-09-10 04:20:00+00:00,2026-09-10 04:20:00+00:00,2026-09-10 06:40:00+00:00,474.25,TARGET,28.100000000000023,-66.59999999999997,22.350000000000023,140.0,9,50,True,True,False,3,0.029506018176051113,5.449999999999989,0.0,9.399999999999977,11.5,upper_rejection,False,False,140.0
2026-09-11,2026-09-11 04:00:00+00:00,EKALAYAVA,251.8,252.45,240.0,254.95,252.45,normal,NSE-NIFTY-15Sep26-23050-CE,2026-09-15,23050.0,CE,2,2026-09-11 04:00:00+00:00,2026-09-11 04:00:00+00:00,2026-09-11 04:05:00+00:00,252.45,TARGET,191.64999999999998,-12.600000000000023,0.6499999999999773,5.0,9,30,True,True,False,4,0.12968312345599828,2.8000000000000114,5.099999999999994,6.349999999999966,14.649999999999977,normal,True,False,5.0
2026-09-15,2026-09-15 06:30:00+00:00,EKALAYAVA,303.85,487.25,439.2,305.0,487.25,strong_green,NSE-NIFTY-15Sep26-23050-CE,2026-09-15,23050.0,CE,2,2026-09-15 06:30:00+00:00,2026-09-15 06:30:00+00:00,,,OPEN,5.599999999999966,-249.55,,,12,0,False,False,True,1,0.036457415397430776,9.100000000000023,0.0,3.25,14.150000000000034,strong_green,False,False,
2026-08-31,2026-08-31 04:00:00+00:00,EKALAYAVA,37.15,37.55,34.8,39.15,37.55,strong_red,NSE-NIFTY-15Sep26-23550-PE,2026-09-15,23550.0,PE,2,2026-08-31 04:00:00+00:00,2026-08-31 04:00:00+00:00,2026-08-31 04:05:00+00:00,37.55,TARGET,4.850000000000001,-9.25,0.3999999999999986,5.0,9,30,True,True,False,0,0.23737304837684858,-2.0,0.14999999999999858,0.3500000000000014,2.25,strong_red,True,False,5.0
2026-09-01,2026-09-01 04:15:00+00:00,EKALAYAVA,33.35,33.7,31.35,32.65,33.7,upper_rejection,NSE-NIFTY-15Sep26-23550-PE,2026-09-15,23550.0,PE,2,2026-09-01 04:15:00+00:00,2026-09-01 04:15:00+00:00,2026-09-01 04:20:00+00:00,33.7,TARGET,18.199999999999996,-9.950000000000003,0.3500000000000014,5.0,9,45,True,True,False,1,0.06040551922870722,0.7000000000000028,0.0,1.0499999999999972,1.1499999999999986,upper_rejection,True,False,5.0
2026-09-02,2026-09-02 05:10:00+00:00,EKALAYAVA,67.35,77.95,66.95,66.9,77.95,strong_green,NSE-NIFTY-15Sep26-23550-PE,2026-09-15,23550.0,PE,2,2026-09-02 05:10:00+00:00,2026-09-02 05:10:00+00:00,2026-09-02 06:30:00+00:00,77.95,TARGET,13.350000000000009,-12.899999999999991,10.600000000000009,80.0,10,40,False,False,True,2,0.039371760492169,0.44999999999998863,0.0,0.25,2.299999999999997,strong_green,False,False,80.0
2026-09-03,2026-09-03 04:30:00+00:00,EKALAYAVA,32.6,52.8,33.2,32.6,52.8,strong_red,NSE-NIFTY-15Sep26-23550-PE,2026-09-15,23550.0,PE,2,2026-09-03 04:30:00+00:00,2026-09-03 04:30:00+00:00,2026-09-03 10:05:00+00:00,52.8,TARGET,20.949999999999996,-0.3999999999999986,20.199999999999996,335.0,10,0,False,False,True,3,0.12179728812282953,0.5,0.0,0.0,0.5499999999999972,strong_red,False,False,335.0
2026-09-04,2026-09-04 05:35:00+00:00,EKALAYAVA,31.55,43.0,36.6,32.75,43.0,normal,NSE-NIFTY-15Sep26-23550-PE,2026-09-15,23550.0,PE,2,2026-09-04 05:35:00+00:00,2026-09-04 05:35:00+00:00,2026-09-07 04:40:00+00:00,43.0,OPEN,3.1999999999999993,-4.449999999999999,11.45,4265.0,11,5,False,False,True,4,0.02817849681608982,-0.8499999999999979,0.0,0.6499999999999986,1.3499999999999979,normal,False,False,
2026-09-08,2026-09-08 05:00:00+00:00,EKALAYAVA,61.4,66.95,55.5,61.75,66.95,normal,NSE-NIFTY-15Sep26-23550-PE,2026-09-15,23550.0,PE,2,2026-09-08 05:00:00+00:00,2026-09-08 05:00:00+00:00,2026-09-08 06:20:00+00:00,66.95,TARGET,16.9,-3.0,5.550000000000004,80.0,10,30,False,False,True,1,0.06999533719861412,0.8500000000000014,1.1000000000000014,0.3999999999999986,2.6999999999999957,normal,False,False,80.0
2026-09-09,2026-09-09 04:20:00+00:00,EKALAYAVA,128.2,135.45,85.0,128.2,135.45,indecision,NSE-NIFTY-15Sep26-23550-PE,2026-09-15,23550.0,PE,2,2026-09-09 04:20:00+00:00,2026-09-09 04:20:00+00:00,2026-09-09 04:30:00+00:00,135.45,TARGET,34.650000000000006,-36.79999999999998,7.25,10.0,9,50,True,True,False,2,0.2702268024895653,0.6999999999999886,3.0,3.6000000000000227,7.000000000000014,indecision,False,False,10.0
2026-09-10,2026-09-10 04:10:00+00:00,EKALAYAVA,155.7,171.45,132.4,162.05,171.45,lower_rejection,NSE-NIFTY-15Sep26-23550-PE,2026-09-15,23550.0,PE,2,2026-09-10 04:10:00+00:00,2026-09-10 04:10:00+00:00,2026-09-10 09:10:00+00:00,171.45,TARGET,28.950000000000017,-31.39999999999999,15.75,300.0,9,40,True,True,False,3,0.06885426842606386,-6.100000000000023,10.049999999999983,0.20000000000001705,16.75,lower_rejection,False,False,300.0
2026-09-11,2026-09-11 05:25:00+00:00,EKALAYAVA,280.55,320.5,271.55,278.5,320.5,normal,NSE-NIFTY-15Sep26-23550-PE,2026-09-15,23550.0,PE,2,2026-09-11 05:25:00+00:00,2026-09-11 05:25:00+00:00,,,OPEN,-0.5500000000000114,-141.75,,,10,55,False,False,True,4,0.03445812377854425,3.0,2.1499999999999773,2.0,8.050000000000011,normal,False,False,
2026-08-24,2026-08-24 04:10:00+00:00,EKALAYAVA,38.75,39.3,38.3,39.5,39.3,upper_rejection,NSE-NIFTY-15Sep26-23700-PE,2026-09-15,23700.0,PE,3,2026-08-24 04:10:00+00:00,2026-08-24 04:10:00+00:00,2026-08-24 04:15:00+00:00,39.3,TARGET,24.4,-0.6499999999999986,0.5499999999999972,5.0,9,40,True,True,False,0,,-0.25,0.0,0.9500000000000028,1.2000000000000028,upper_rejection,True,False,5.0
2026-08-25,2026-08-25 04:20:00+00:00,EKALAYAVA,55.65,59.2,54.1,54.2,59.2,strong_green,NSE-NIFTY-15Sep26-23700-PE,2026-09-15,23700.0,PE,3,2026-08-25 04:20:00+00:00,2026-08-25 04:20:00+00:00,,,OPEN,2.8500000000000014,-26.5,,,9,50,True,True,False,1,0.053737574508628996,3.6999999999999957,0.0,0.8000000000000043,4.300000000000004,strong_green,False,False,
2026-08-26,2026-08-26 04:30:00+00:00,EKALAYAVA,23.25,28.0,19.35,22.85,28.0,strong_green,NSE-NIFTY-15Sep26-23700-PE,2026-09-15,23700.0,PE,3,2026-08-26 04:30:00+00:00,2026-08-26 04:30:00+00:00,2026-08-26 04:50:00+00:00,28.0,TARGET,11.100000000000001,0.1999999999999993,4.75,20.0,10,0,False,False,True,2,0.04930262645419762,0.6000000000000014,0.0,0.14999999999999858,0.75,strong_green,False,False,20.0
2026-08-28,2026-08-28 05:35:00+00:00,EKALAYAVA,41.3,51.05,46.2,40.65,51.05,strong_green,NSE-NIFTY-15Sep26-23700-PE,2026-09-15,23700.0,PE,3,2026-08-28 05:35:00+00:00,2026-08-28 05:35:00+00:00,2026-08-28 06:25:00+00:00,51.05,TARGET,15.150000000000006,-5.049999999999997,9.75,50.0,11,5,False,False,True,4,0.025591503927085067,2.299999999999997,0.0,0.0,2.1999999999999957,strong_green,False,False,50.0
2026-08-31,2026-08-31 06:40:00+00:00,EKALAYAVA,52.4,58.65,54.5,52.25,58.65,lower_rejection,NSE-NIFTY-15Sep26-23700-PE,2026-09-15,23700.0,PE,3,2026-08-31 06:40:00+00:00,2026-08-31 06:40:00+00:00,,,OPEN,3.25,-11.600000000000001,,,12,10,False,False,True,0,0.047416965717631425,0.3500000000000014,1.4499999999999957,0.0,1.6499999999999986,lower_rejection,False,False,
2026-09-01,2026-09-01 06:50:00+00:00,EKALAYAVA,39.1,53.2,49.35,38.5,53.2,normal,NSE-NIFTY-15Sep26-23700-PE,2026-09-15,23700.0,PE,3,2026-09-01 06:50:00+00:00,2026-09-01 06:50:00+00:00,2026-09-01 08:10:00+00:00,53.2,TARGET,39.9,-1.5500000000000043,14.100000000000001,80.0,12,20,False,False,True,1,0.020715401277194713,0.6000000000000014,0.3500000000000014,0.04999999999999716,1.0499999999999972,normal,False,False,80.0
2026-09-02,2026-09-02 05:10:00+00:00,EKALAYAVA,104.0,117.65,106.65,102.65,117.65,lower_rejection,NSE-NIFTY-15Sep26-23700-PE,2026-09-15,23700.0,PE,3,2026-09-02 05:10:00+00:00,2026-09-02 05:10:00+00:00,2026-09-02 06:30:00+00:00,117.65,TARGET,16.599999999999994,-21.400000000000006,13.650000000000006,80.0,10,40,False,False,True,2,0.03420067716800673,1.7000000000000028,2.5,0.0,4.299999999999997,lower_rejection,False,False,80.0
2026-09-03,2026-09-03 04:30:00+00:00,EKALAYAVA,51.4,64.85,52.2,51.3,64.85,normal,NSE-NIFTY-15Sep26-23700-PE,2026-09-15,23700.0,PE,3,2026-09-03 04:30:00+00:00,2026-09-03 04:30:00+00:00,2026-09-03 05:25:00+00:00,64.85,TARGET,36.6,-0.9499999999999957,13.449999999999996,55.0,10,0,False,False,True,3,0.11659430216066202,0.3999999999999986,0.20000000000000284,0.5,1.1499999999999986,normal,False,False,55.0
2026-09-04,2026-09-04 05:35:00+00:00,EKALAYAVA,53.6,71.8,61.6,55.2,71.8,upper_rejection,NSE-NIFTY-15Sep26-23700-PE,2026-09-15,23700.0,PE,3,2026-09-04 05:35:00+00:00,2026-09-04 05:35:00+00:00,2026-09-07 03:45:00+00:00,71.8,OPEN,5.649999999999999,-6.450000000000003,18.199999999999996,4210.0,11,5,False,False,True,4,0.02290210294900124,-0.75,0.0,1.1499999999999986,1.9499999999999957,upper_rejection,False,False,
2026-09-08,2026-09-08 05:00:00+00:00,EKALAYAVA,114.3,118.6,103.4,114.45,118.6,lower_rejection,NSE-NIFTY-15Sep26-23700-PE,2026-09-15,23700.0,PE,3,2026-09-08 05:00:00+00:00,2026-09-08 05:00:00+00:00,2026-09-08 05:05:00+00:00,118.6,TARGET,26.200000000000003,-4.799999999999997,4.299999999999997,5.0,10,30,False,False,True,1,0.06041213823692384,2.200000000000003,2.299999999999997,0.45000000000000284,4.849999999999994,lower_rejection,False,False,5.0
2026-09-09,2026-09-09 04:20:00+00:00,EKALAYAVA,214.95,223.8,177.1,214.5,223.8,indecision,NSE-NIFTY-15Sep26-23700-PE,2026-09-15,23700.0,PE,3,2026-09-09 04:20:00+00:00,2026-09-09 04:20:00+00:00,2026-09-09 04:30:00+00:00,223.8,TARGET,51.19999999999999,-50.89999999999998,8.850000000000023,10.0,9,50,True,True,False,2,0.2221035896864293,0.9499999999999886,4.049999999999983,5.350000000000023,9.650000000000006,indecision,False,False,10.0
2026-09-10,2026-09-10 04:10:00+00:00,EKALAYAVA,262.9,279.95,228.15,270.2,279.95,lower_rejection,NSE-NIFTY-15Sep26-23700-PE,2026-09-15,23700.0,PE,3,2026-09-10 04:10:00+00:00,2026-09-10 04:10:00+00:00,2026-09-10 08:45:00+00:00,279.95,TARGET,42.10000000000002,-41.04999999999998,17.05000000000001,275.0,9,40,True,True,False,3,0.04714145580521306,-6.5,14.399999999999977,0.9499999999999886,22.399999999999977,lower_rejection,False,False,275.0
2026-09-11,2026-09-11 05:00:00+00:00,EKALAYAVA,411.0,460.35,414.15,423.0,460.35,strong_red,NSE-NIFTY-15Sep26-23700-PE,2026-09-15,23700.0,PE,3,2026-09-11 05:00:00+00:00,2026-09-11 05:00:00+00:00,,,OPEN,8.350000000000023,-161.6,,,10,30,False,False,True,4,0.022559126157189035,-11.899999999999977,4.300000000000011,0.0,17.150000000000034,strong_red,False,False,
2026-09-10,2026-09-10 05:40:00+00:00,EKALAYAVA,429.0,454.55,430.25,424.65,454.55,strong_green,NSE-NIFTY-22Sep26-23150-CE,2026-09-22,23150.0,CE,3,2026-09-10 05:40:00+00:00,2026-09-10 05:40:00+00:00,,,OPEN,18.69999999999999,-55.30000000000001,,,11,10,False,False,True,3,0.029804849836772094,22.25,0.0,0.0,11.0,strong_green,False,False,
2026-09-11,2026-09-11 04:30:00+00:00,EKALAYAVA,272.6,272.65,260.4,269.05,272.65,normal,NSE-NIFTY-22Sep26-23150-CE,2026-09-22,23150.0,CE,3,2026-09-11 04:30:00+00:00,2026-09-11 04:30:00+00:00,2026-09-11 04:35:00+00:00,272.65,TARGET,147.89999999999998,-0.05000000000001137,0.049999999999954525,5.0,10,0,False,False,True,4,0.09968225599303282,3.6000000000000227,1.3000000000000114,2.3999999999999773,8.25,normal,True,False,5.0
2026-09-15,2026-09-15 06:15:00+00:00,EKALAYAVA,293.75,416.1,391.55,296.0,416.1,lower_rejection,NSE-NIFTY-22Sep26-23150-CE,2026-09-22,23150.0,CE,3,2026-09-15 06:15:00+00:00,2026-09-15 06:15:00+00:00,,,OPEN,7.300000000000011,-119.94999999999999,,,11,45,False,False,True,1,0.028141317431813313,-1.9499999999999886,3.5,0.0,6.199999999999989,lower_rejection,False,False,
2026-09-16,2026-09-16 04:25:00+00:00,EKALAYAVA,240.0,256.85,197.8,229.6,256.85,normal,NSE-NIFTY-22Sep26-23150-CE,2026-09-22,23150.0,CE,3,2026-09-16 04:25:00+00:00,2026-09-16 04:25:00+00:00,2026-09-16 07:35:00+00:00,256.85,TARGET,23.69999999999999,-39.849999999999994,16.850000000000023,190.0,9,55,True,True,False,2,0.11361992249520864,10.400000000000006,6.650000000000006,5.099999999999994,20.599999999999994,normal,False,False,190.0
2026-09-17,2026-09-17 03:50:00+00:00,EKALAYAVA,193.05,221.55,172.45,221.55,221.55,normal,NSE-NIFTY-22Sep26-23150-CE,2026-09-22,23150.0,CE,3,2026-09-17 03:50:00+00:00,2026-09-17 03:50:00+00:00,2026-09-17 04:00:00+00:00,221.55,TARGET,91.55000000000001,-21.55000000000001,28.5,10.0,9,20,True,True,False,3,0.03299589447428706,-20.649999999999977,0.35000000000002274,11.0,29.80000000000001,normal,True,False,10.0
2026-09-18,2026-09-18 04:25:00+00:00,EKALAYAVA,229.5,251.6,223.25,229.0,251.6,indecision,NSE-NIFTY-22Sep26-23150-CE,2026-09-22,23150.0,CE,3,2026-09-18 04:25:00+00:00,2026-09-18 04:25:00+00:00,2026-09-18 09:00:00+00:00,251.6,TARGET,34.89999999999998,-32.55000000000001,22.099999999999994,275.0,9,55,True,True,False,4,0.039322614790611894,1.1999999999999886,5.75,5.349999999999994,12.650000000000006,indecision,False,False,275.0
2026-09-21,2026-09-21 05:15:00+00:00,EKALAYAVA,241.4,252.45,217.3,240.7,252.45,upper_rejection,NSE-NIFTY-22Sep26-23150-CE,2026-09-22,23150.0,CE,3,2026-09-21 05:15:00+00:00,2026-09-21 05:15:00+00:00,2026-09-21 05:35:00+00:00,252.45,TARGET,85.1,0.09999999999999432,11.049999999999983,20.0,10,45,False,False,True,0,0.024550274447719223,2.9000000000000057,1.0500000000000114,6.449999999999989,10.849999999999994,upper_rejection,False,False,20.0
2026-09-22,2026-09-22 04:10:00+00:00,EKALAYAVA,309.65,330.9,286.15,305.9,330.9,normal,NSE-NIFTY-22Sep26-23150-CE,2026-09-22,23150.0,CE,3,2026-09-22 04:10:00+00:00,2026-09-22 04:10:00+00:00,,,OPEN,9.350000000000023,-172.99999999999997,,,9,40,True,True,False,1,0.024904256153697436,8.75,4.099999999999966,2.9500000000000455,14.800000000000011,normal,False,False,
2026-09-09,2026-09-09 06:55:00+00:00,EKALAYAVA,447.05,455.35,447.65,434.0,455.35,strong_green,NSE-NIFTY-22Sep26-23200-CE,2026-09-22,23200.0,CE,2,2026-09-09 06:55:00+00:00,2026-09-09 06:55:00+00:00,2026-09-09 07:00:00+00:00,455.35,TARGET,59.14999999999998,-56.25,8.300000000000011,5.0,12,25,False,False,True,2,0.024699261268857096,15.100000000000023,0.0,1.9499999999999886,14.300000000000011,strong_green,False,False,5.0
2026-09-10,2026-09-10 04:20:00+00:00,EKALAYAVA,394.65,416.4,381.1,385.5,416.4,strong_green,NSE-NIFTY-22Sep26-23200-CE,2026-09-22,23200.0,CE,2,2026-09-10 04:20:00+00:00,2026-09-10 04:20:00+00:00,,,OPEN,17.350000000000023,-61.349999999999966,,,9,50,True,True,False,3,0.03977708188841721,9.149999999999977,0.0,0.1500000000000341,3.9499999999999886,strong_green,False,False,
2026-09-11,2026-09-11 04:05:00+00:00,EKALAYAVA,239.0,260.0,225.0,240.45,260.0,upper_rejection,NSE-NIFTY-22Sep26-23200-CE,2026-09-22,23200.0,CE,2,2026-09-11 04:05:00+00:00,2026-09-11 04:05:00+00:00,2026-09-11 04:50:00+00:00,260.0,TARGET,141.89999999999998,-9.0,21.0,45.0,9,35,True,True,False,4,0.10660877508156917,1.5500000000000114,0.5999999999999943,4.949999999999989,6.849999999999994,upper_rejection,False,False,45.0
2026-09-15,2026-09-15 06:30:00+00:00,EKALAYAVA,258.55,381.0,349.75,261.75,381.0,upper_rejection,NSE-NIFTY-22Sep26-23200-CE,2026-09-22,23200.0,CE,2,2026-09-15 06:30:00+00:00,2026-09-15 06:30:00+00:00,,,OPEN,5.349999999999966,-111.15,,,12,0,False,False,True,1,0.02294551774069473,1.6999999999999886,1.3000000000000114,3.349999999999966,6.899999999999977,upper_rejection,False,False,
2026-09-16,2026-09-16 04:25:00+00:00,EKALAYAVA,207.25,223.35,171.05,197.65,223.35,normal,NSE-NIFTY-22Sep26-23200-CE,2026-09-22,23200.0,CE,2,2026-09-16 04:25:00+00:00,2026-09-16 04:25:00+00:00,2026-09-16 07:35:00+00:00,223.35,TARGET,22.650000000000006,-37.69999999999999,16.099999999999994,190.0,9,55,True,True,False,2,0.12036045473183131,9.599999999999994,3.6500000000000057,5.0,18.150000000000006,normal,False,False,190.0
2026-09-17,2026-09-17 03:50:00+00:00,EKALAYAVA,161.0,187.65,143.45,187.65,187.65,normal,NSE-NIFTY-22Sep26-23200-CE,2026-09-22,23200.0,CE,2,2026-09-17 03:50:00+00:00,2026-09-17 03:50:00+00:00,2026-09-17 04:00:00+00:00,187.65,TARGET,84.94999999999999,-18.900000000000006,26.650000000000006,10.0,9,20,True,True,False,3,0.03708820791423841,-19.69999999999999,0.0,10.399999999999977,27.69999999999999,normal,True,False,10.0
2026-09-18,2026-09-18 04:25:00+00:00,EKALAYAVA,192.3,212.7,186.35,191.95,212.7,indecision,NSE-NIFTY-22Sep26-23200-CE,2026-09-22,23200.0,CE,2,2026-09-18 04:25:00+00:00,2026-09-18 04:25:00+00:00,2026-09-18 09:00:00+00:00,212.7,TARGET,29.649999999999977,-30.30000000000001,20.399999999999977,275.0,9,55,True,True,False,4,0.040216055411407554,1.75,5.650000000000006,4.599999999999994,11.550000000000011,indecision,False,False,275.0
2026-09-21,2026-09-21 05:15:00+00:00,EKALAYAVA,198.0,208.6,176.1,196.65,208.6,upper_rejection,NSE-NIFTY-22Sep26-23200-CE,2026-09-22,23200.0,CE,2,2026-09-21 05:15:00+00:00,2026-09-21 05:15:00+00:00,2026-09-21 05:35:00+00:00,208.6,TARGET,78.64999999999998,-0.5,10.599999999999994,20.0,10,45,False,False,True,0,0.027995649655837583,2.8499999999999943,1.4499999999999886,5.5,9.949999999999989,upper_rejection,False,False,20.0
2026-09-22,2026-09-22 04:10:00+00:00,EKALAYAVA,261.0,285.35,238.2,256.95,285.35,strong_green,NSE-NIFTY-22Sep26-23200-CE,2026-09-22,23200.0,CE,2,2026-09-22 04:10:00+00:00,2026-09-22 04:10:00+00:00,,,OPEN,8.5,-165.8,,,9,40,True,True,False,1,0.029735916891746005,9.25,2.1500000000000057,2.3000000000000114,14.650000000000006,strong_green,False,False,
2026-09-01,2026-09-01 04:15:00+00:00,EKALAYAVA,39.0,39.4,38.7,38.4,39.4,lower_rejection,NSE-NIFTY-22Sep26-23400-PE,2026-09-22,23400.0,PE,2,2026-09-01 04:15:00+00:00,2026-09-01 04:15:00+00:00,2026-09-01 08:20:00+00:00,39.4,TARGET,13.950000000000003,-11.8,0.3999999999999986,245.0,9,45,True,True,False,1,0.06674584966001855,0.6000000000000014,0.25,0.0,0.29999999999999716,lower_rejection,False,False,245.0
2026-09-02,2026-09-02 05:15:00+00:00,EKALAYAVA,68.05,74.9,70.95,68.2,74.9,lower_rejection,NSE-NIFTY-22Sep26-23400-PE,2026-09-22,23400.0,PE,2,2026-09-02 05:15:00+00:00,2026-09-02 05:15:00+00:00,2026-09-02 05:45:00+00:00,74.9,TARGET,11.700000000000003,-9.049999999999997,6.8500000000000085,30.0,10,45,False,False,True,2,0.029817804324585813,0.45000000000000284,0.75,0.0,1.25,lower_rejection,False,False,30.0
2026-09-03,2026-09-03 04:35:00+00:00,EKALAYAVA,37.9,41.35,38.75,37.65,41.35,strong_green,NSE-NIFTY-22Sep26-23400-PE,2026-09-22,23400.0,PE,2,2026-09-03 04:35:00+00:00,2026-09-03 04:35:00+00:00,2026-09-03 05:05:00+00:00,41.35,TARGET,22.050000000000004,0.10000000000000142,3.450000000000003,30.0,10,5,False,False,True,3,0.02788253549470196,0.5,0.0,0.0,0.04999999999999716,strong_green,False,False,30.0
2026-09-04,2026-09-04 05:45:00+00:00,EKALAYAVA,38.9,51.05,45.55,40.05,51.05,strong_red,NSE-NIFTY-22Sep26-23400-PE,2026-09-22,23400.0,PE,2,2026-09-04 05:45:00+00:00,2026-09-04 05:45:00+00:00,2026-09-07 04:45:00+00:00,51.05,OPEN,2.8500000000000014,-3.1999999999999957,12.149999999999999,4260.0,11,15,False,False,True,4,0.020463560494854902,-0.8000000000000043,0.0,0.30000000000000426,1.2000000000000028,strong_red,False,False,
2026-09-08,2026-09-08 04:35:00+00:00,EKALAYAVA,67.5,69.15,65.35,73.4,69.15,strong_red,NSE-NIFTY-22Sep26-23400-PE,2026-09-22,23400.0,PE,2,2026-09-08 04:35:00+00:00,2026-09-08 04:35:00+00:00,2026-09-08 05:05:00+00:00,69.15,TARGET,13.549999999999997,-8.049999999999997,1.6500000000000057,30.0,10,5,False,False,True,1,0.04962599090494261,-5.450000000000003,0.04999999999999716,0.3499999999999943,6.1499999999999915,strong_red,True,False,30.0
2026-09-09,2026-09-09 04:20:00+00:00,EKALAYAVA,116.35,122.6,100.7,116.9,122.6,upper_rejection,NSE-NIFTY-22Sep26-23400-PE,2026-09-22,23400.0,PE,2,2026-09-09 04:20:00+00:00,2026-09-09 04:20:00+00:00,2026-09-09 04:30:00+00:00,122.6,TARGET,29.700000000000017,-23.19999999999999,6.25,10.0,9,50,True,True,False,2,0.19396782905228832,0.3499999999999943,1.5499999999999972,3.0,5.200000000000003,upper_rejection,False,False,10.0
2026-09-10,2026-09-10 04:35:00+00:00,EKALAYAVA,142.5,152.05,124.1,143.65,152.05,normal,NSE-NIFTY-22Sep26-23400-PE,2026-09-22,23400.0,PE,2,2026-09-10 04:35:00+00:00,2026-09-10 04:35:00+00:00,2026-09-10 09:30:00+00:00,152.05,TARGET,16.0,-25.5,9.550000000000011,295.0,10,5,False,False,True,3,0.03433376823754091,3.0500000000000114,2.5,4.449999999999989,9.949999999999989,normal,False,False,295.0
2026-09-11,2026-09-11 04:15:00+00:00,EKALAYAVA,247.7,254.5,209.15,249.35,254.5,upper_rejection,NSE-NIFTY-22Sep26-23400-PE,2026-09-22,23400.0,PE,2,2026-09-11 04:15:00+00:00,2026-09-11 04:15:00+00:00,,,OPEN,3.200000000000017,-102.69999999999999,,,9,45,True,True,False,4,0.233627993200561,2.299999999999983,0.9499999999999886,2.6000000000000227,5.650000000000006,upper_rejection,False,False,
2026-09-16,2026-09-16 04:45:00+00:00,EKALAYAVA,255.0,276.6,205.45,269.6,276.6,lower_rejection,NSE-NIFTY-22Sep26-23400-PE,2026-09-22,23400.0,PE,2,2026-09-16 04:45:00+00:00,2026-09-16 04:45:00+00:00,,,OPEN,7.949999999999989,-59.150000000000006,,,10,15,False,False,True,2,0.08014386132862972,-11.600000000000023,15.599999999999994,4.149999999999977,30.24999999999997,lower_rejection,False,False,
2026-09-17,2026-09-17 04:55:00+00:00,EKALAYAVA,173.9,253.5,195.5,176.15,253.5,normal,NSE-NIFTY-22Sep26-23400-PE,2026-09-22,23400.0,PE,2,2026-09-17 04:55:00+00:00,2026-09-17 04:55:00+00:00,,,OPEN,64.1,-44.95000000000002,,,10,25,False,False,True,3,0.04852027430537881,-1.5999999999999943,2.0500000000000114,2.0,6.550000000000011,normal,False,False,
2026-09-18,2026-09-18 04:05:00+00:00,EKALAYAVA,148.3,148.8,124.3,167.95,148.8,strong_red,NSE-NIFTY-22Sep26-23400-PE,2026-09-22,23400.0,PE,2,2026-09-18 04:05:00+00:00,2026-09-18 04:05:00+00:00,2026-09-18 04:10:00+00:00,148.8,TARGET,12.649999999999977,-53.45000000000002,0.5,5.0,9,35,True,True,False,4,0.05745815005825904,-17.049999999999983,1.1500000000000057,2.0500000000000114,21.150000000000006,strong_red,True,False,5.0
2026-09-21,2026-09-21 04:30:00+00:00,EKALAYAVA,82.7,109.9,80.4,79.55,109.9,strong_green,NSE-NIFTY-22Sep26-23400-PE,2026-09-22,23400.0,PE,2,2026-09-21 04:30:00+00:00,2026-09-21 04:30:00+00:00,,,OPEN,8.599999999999994,-41.7,,,10,0,False,False,True,0,0.09036876376408715,6.700000000000003,0.5499999999999972,2.799999999999997,10.599999999999994,strong_green,False,False,
2026-09-22,2026-09-22 04:55:00+00:00,EKALAYAVA,28.8,40.3,21.25,28.9,40.3,normal,NSE-NIFTY-22Sep26-23400-PE,2026-09-22,23400.0,PE,2,2026-09-22 04:55:00+00:00,2026-09-22 04:55:00+00:00,2026-09-22 05:05:00+00:00,40.3,TARGET,101.45,-0.40000000000000213,11.499999999999996,10.0,10,25,False,False,True,1,0.1027483431013038,1.1999999999999993,1.1499999999999986,1.3999999999999986,3.6999999999999993,normal,False,False,10.0
2026-09-03,2026-09-03 04:30:00+00:00,EKALAYAVA,54.4,59.65,57.55,54.35,59.65,unknown,NSE-NIFTY-22Sep26-23550-PE,2026-09-22,23550.0,PE,3,2026-09-03 04:30:00+00:00,2026-09-03 04:30:00+00:00,2026-09-03 05:15:00+00:00,59.65,TARGET,28.85,0.0,5.25,45.0,10,0,False,False,True,3,0.11436311600372791,0.04999999999999716,0.0,0.0,0.0,unknown,False,False,45.0
2026-09-04,2026-09-04 04:10:00+00:00,EKALAYAVA,69.45,70.05,67.25,69.0,70.05,strong_green,NSE-NIFTY-22Sep26-23550-PE,2026-09-22,23550.0,PE,3,2026-09-04 04:10:00+00:00,2026-09-04 04:10:00+00:00,2026-09-07 03:45:00+00:00,70.05,OPEN,-3.200000000000003,-16.6,0.5999999999999943,4295.0,9,40,True,True,False,4,0.08261354646412974,0.9500000000000028,0.0,0.5,2.299999999999997,strong_green,False,False,
2026-09-07,2026-09-07 04:05:00+00:00,EKALAYAVA,72.5,74.65,68.2,74.15,74.65,normal,NSE-NIFTY-22Sep26-23550-PE,2026-09-22,23550.0,PE,3,2026-09-07 04:05:00+00:00,2026-09-07 04:05:00+00:00,2026-09-07 04:20:00+00:00,74.65,TARGET,21.75,-1.8499999999999943,2.1500000000000057,15.0,9,35,True,True,False,0,0.07622867321092648,-1.2999999999999972,0.0,1.9500000000000028,4.150000000000006,normal,False,False,15.0
2026-09-08,2026-09-08 05:00:00+00:00,EKALAYAVA,103.65,106.55,99.15,103.75,106.55,strong_green,NSE-NIFTY-22Sep26-23550-PE,2026-09-22,23550.0,PE,3,2026-09-08 05:00:00+00:00,2026-09-08 05:00:00+00:00,2026-09-08 05:05:00+00:00,106.55,TARGET,18.5,-1.0,2.8999999999999915,5.0,10,30,False,False,True,1,0.04210595968992366,1.4500000000000028,0.0,0.44999999999998863,2.5,strong_green,False,False,5.0
2026-09-09,2026-09-09 04:20:00+00:00,EKALAYAVA,174.75,181.5,127.7,174.6,181.5,indecision,NSE-NIFTY-22Sep26-23550-PE,2026-09-22,23550.0,PE,3,2026-09-09 04:20:00+00:00,2026-09-09 04:20:00+00:00,2026-09-09 04:30:00+00:00,181.5,TARGET,38.44999999999999,-33.30000000000001,6.75,10.0,9,50,True,True,False,2,0.1704583926895771,1.0999999999999943,2.950000000000017,4.25,7.550000000000011,indecision,False,False,10.0
2026-09-10,2026-09-10 04:35:00+00:00,EKALAYAVA,210.7,220.2,185.8,212.0,220.2,upper_rejection,NSE-NIFTY-22Sep26-23550-PE,2026-09-22,23550.0,PE,3,2026-09-10 04:35:00+00:00,2026-09-10 04:35:00+00:00,2026-09-10 09:10:00+00:00,220.2,TARGET,23.80000000000001,-32.89999999999998,9.5,275.0,10,5,False,False,True,3,0.03408340413410121,2.5999999999999943,2.0,6.150000000000006,12.5,upper_rejection,False,False,275.0
2026-09-11,2026-09-11 04:15:00+00:00,EKALAYAVA,343.15,350.95,300.65,345.5,350.95,normal,NSE-NIFTY-22Sep26-23550-PE,2026-09-22,23550.0,PE,3,2026-09-11 04:15:00+00:00,2026-09-11 04:15:00+00:00,,,OPEN,3.7000000000000455,-134.24999999999997,,,9,45,True,True,False,4,0.19228784981891803,1.6499999999999773,0.5,2.5,5.75,normal,False,False,
2026-09-16,2026-09-16 04:45:00+00:00,EKALAYAVA,353.2,366.6,302.15,376.95,366.6,normal,NSE-NIFTY-22Sep26-23550-PE,2026-09-22,23550.0,PE,3,2026-09-16 04:45:00+00:00,2026-09-16 04:45:00+00:00,2026-09-16 06:30:00+00:00,366.6,TARGET,16.80000000000001,-64.59999999999997,13.400000000000034,105.0,10,15,False,False,True,2,0.07499705382856943,-23.150000000000034,11.199999999999989,3.8999999999999773,37.19999999999999,normal,True,False,105.0
2026-09-17,2026-09-17 04:55:00+00:00,EKALAYAVA,277.0,373.15,299.6,278.65,373.15,upper_rejection,NSE-NIFTY-22Sep26-23550-PE,2026-09-22,23550.0,PE,3,2026-09-17 04:55:00+00:00,2026-09-17 04:55:00+00:00,,,OPEN,77.69999999999999,-60.849999999999994,,,10,25,False,False,True,3,0.0432181931322503,-1.6000000000000227,2.75,3.75,8.25,upper_rejection,False,False,
2026-09-18,2026-09-18 04:05:00+00:00,EKALAYAVA,252.25,253.3,220.25,276.0,253.3,strong_red,NSE-NIFTY-22Sep26-23550-PE,2026-09-22,23550.0,PE,3,2026-09-18 04:05:00+00:00,2026-09-18 04:05:00+00:00,2026-09-18 04:10:00+00:00,253.3,TARGET,21.350000000000023,-63.30000000000001,1.0500000000000114,5.0,9,35,True,True,False,4,0.04358048974208265,-21.05000000000001,1.75,2.1999999999999886,26.5,strong_red,True,False,5.0
2026-09-21,2026-09-21 04:30:00+00:00,EKALAYAVA,187.55,218.4,181.0,182.0,218.4,strong_green,NSE-NIFTY-22Sep26-23550-PE,2026-09-22,23550.0,PE,3,2026-09-21 04:30:00+00:00,2026-09-21 04:30:00+00:00,,,OPEN,13.75,-71.70000000000002,,,10,0,False,False,True,0,0.05137831482709968,10.700000000000017,1.4499999999999886,3.799999999999983,16.349999999999994,strong_green,False,False,
2026-09-22,2026-09-22 04:55:00+00:00,EKALAYAVA,121.2,132.0,87.2,121.8,132.0,normal,NSE-NIFTY-22Sep26-23550-PE,2026-09-22,23550.0,PE,3,2026-09-22 04:55:00+00:00,2026-09-22 04:55:00+00:00,2026-09-22 05:00:00+00:00,132.0,TARGET,153.10000000000002,-1.1500000000000057,10.799999999999997,5.0,10,25,False,False,True,1,0.05347719078663188,3.75,2.049999999999997,2.549999999999997,7.75,normal,False,False,5.0
2026-08-24,2026-08-24 05:45:00+00:00,EKALAYAVA,1.05,1.7,1.3,1.05,1.7,normal,NSE-NIFTY-25Aug26-23400-PE,2026-08-25,23400.0,PE,2,2026-08-24 05:45:00+00:00,2026-08-24 05:45:00+00:00,,,OPEN,0.19999999999999996,-0.3500000000000001,,,11,15,False,False,True,0,0.0787357393523558,0.0,0.0,0.050000000000000044,0.10000000000000009,normal,False,False,
2026-08-25,2026-08-25 04:50:00+00:00,EKALAYAVA,0.45,0.7,0.5,0.5,0.7,upper_rejection,NSE-NIFTY-25Aug26-23400-PE,2026-08-25,23400.0,PE,2,2026-08-25 04:50:00+00:00,2026-08-25 04:50:00+00:00,,,OPEN,0.10000000000000003,-0.4,,,10,20,False,False,True,1,0.09559977802431885,-0.04999999999999999,0.0,0.10000000000000003,0.10000000000000003,upper_rejection,False,False,
2026-08-24,2026-08-24 06:00:00+00:00,EKALAYAVA,1.25,1.85,1.35,1.15,1.85,strong_green,NSE-NIFTY-25Aug26-23450-PE,2026-08-25,23450.0,PE,3,2026-08-24 06:00:00+00:00,2026-08-24 06:00:00+00:00,,,OPEN,0.10000000000000009,-0.44999999999999996,,,11,30,False,False,True,0,0.08309861078827002,0.19999999999999996,0.050000000000000044,0.0,0.19999999999999996,strong_green,False,False,
2026-08-25,2026-08-25 06:10:00+00:00,EKALAYAVA,0.55,1.0,0.55,0.55,1.0,normal,NSE-NIFTY-25Aug26-23450-PE,2026-08-25,23450.0,PE,3,2026-08-25 06:10:00+00:00,2026-08-25 06:10:00+00:00,,,OPEN,0.09999999999999998,-0.5,,,11,40,False,False,True,1,0.08082133729648135,0.050000000000000044,0.04999999999999999,0.04999999999999993,0.14999999999999997,normal,False,False,
2026-08-24,2026-08-24 04:15:00+00:00,EKALAYAVA,125.15,130.4,122.45,125.9,130.4,strong_red,NSE-NIFTY-29Sep26-23950-PE,2026-09-29,23950.0,PE,2,2026-08-24 04:15:00+00:00,2026-08-24 04:15:00+00:00,2026-08-24 05:20:00+00:00,130.4,TARGET,45.0,-0.15000000000000568,5.25,65.0,9,45,True,True,False,0,,-0.04999999999999716,0.0,0.04999999999999716,1.1499999999999915,strong_red,False,False,65.0
2026-08-25,2026-08-25 04:15:00+00:00,EKALAYAVA,157.85,171.35,155.2,155.4,171.35,lower_rejection,NSE-NIFTY-29Sep26-23950-PE,2026-09-29,23950.0,PE,2,2026-08-25 04:15:00+00:00,2026-08-25 04:15:00+00:00,,,OPEN,12.200000000000017,-56.25,,,9,45,True,True,False,1,0.02916559207571702,2.4499999999999886,4.0,1.1500000000000057,5.800000000000011,lower_rejection,False,False,
2026-08-26,2026-08-26 04:35:00+00:00,EKALAYAVA,90.5,97.25,94.95,87.2,97.25,strong_green,NSE-NIFTY-29Sep26-23950-PE,2026-09-29,23950.0,PE,2,2026-08-26 04:35:00+00:00,2026-08-26 04:35:00+00:00,2026-08-26 04:50:00+00:00,97.25,TARGET,22.450000000000003,-1.5,6.75,15.0,10,5,False,False,True,2,0.03735451151875997,3.299999999999997,0.0,0.0,3.200000000000003,strong_green,False,False,15.0
2026-08-28,2026-08-28 05:45:00+00:00,EKALAYAVA,130.0,156.4,144.75,128.5,156.4,strong_green,NSE-NIFTY-29Sep26-23950-PE,2026-09-29,23950.0,PE,2,2026-08-28 05:45:00+00:00,2026-08-28 05:45:00+00:00,2026-08-28 06:25:00+00:00,156.4,TARGET,34.05000000000001,-8.549999999999997,26.400000000000006,40.0,11,15,False,False,True,4,0.01719547461666243,4.799999999999997,0.0,0.0,4.799999999999997,strong_green,False,False,40.0
2026-08-31,2026-08-31 04:00:00+00:00,EKALAYAVA,173.0,174.85,163.2,178.65,174.85,normal,NSE-NIFTY-29Sep26-23950-PE,2026-09-29,23950.0,PE,2,2026-08-31 04:00:00+00:00,2026-08-31 04:00:00+00:00,2026-08-31 04:05:00+00:00,174.85,TARGET,13.050000000000011,-39.900000000000006,1.8499999999999943,5.0,9,30,True,True,False,0,0.13214127671820644,-5.150000000000006,1.3499999999999943,2.0500000000000114,8.0,normal,True,False,5.0
2026-09-01,2026-09-01 06:45:00+00:00,EKALAYAVA,136.75,173.55,164.4,137.8,173.55,upper_rejection,NSE-NIFTY-29Sep26-23950-PE,2026-09-29,23950.0,PE,2,2026-09-01 06:45:00+00:00,2026-09-01 06:45:00+00:00,2026-09-01 08:10:00+00:00,173.55,TARGET,83.35,1.3499999999999943,36.80000000000001,85.0,12,15,False,False,True,1,0.016556989395927084,1.6999999999999886,0.0,1.8499999999999943,2.6500000000000057,upper_rejection,False,False,85.0
2026-09-02,2026-09-02 05:10:00+00:00,EKALAYAVA,253.75,278.2,216.05,249.55,278.2,strong_green,NSE-NIFTY-29Sep26-23950-PE,2026-09-29,23950.0,PE,2,2026-09-02 05:10:00+00:00,2026-09-02 05:10:00+00:00,2026-09-02 06:30:00+00:00,278.2,TARGET,27.600000000000023,-28.30000000000001,24.44999999999999,80.0,10,40,False,False,True,2,0.02049247451832401,4.199999999999989,0.04999999999998295,0.0,4.199999999999989,strong_green,False,False,80.0
2026-09-03,2026-09-03 04:30:00+00:00,EKALAYAVA,175.0,198.7,175.1,173.7,198.7,normal,NSE-NIFTY-29Sep26-23950-PE,2026-09-29,23950.0,PE,2,2026-09-03 04:30:00+00:00,2026-09-03 04:30:00+00:00,2026-09-03 05:10:00+00:00,198.7,TARGET,72.80000000000001,-1.8499999999999943,23.69999999999999,40.0,10,0,False,False,True,3,0.06896439305195767,2.5500000000000114,0.9000000000000057,0.4000000000000057,2.4000000000000057,normal,False,False,40.0
2026-09-04,2026-09-04 04:40:00+00:00,EKALAYAVA,195.4,218.75,200.0,193.1,218.75,normal,NSE-NIFTY-29Sep26-23950-PE,2026-09-29,23950.0,PE,2,2026-09-04 04:40:00+00:00,2026-09-04 04:40:00+00:00,2026-09-07 03:45:00+00:00,218.75,OPEN,6.449999999999989,-22.75,23.349999999999994,4265.0,10,10,False,False,True,4,0.025992203089898344,2.3000000000000114,0.5999999999999943,1.799999999999983,4.449999999999989,normal,False,False,
2026-09-07,2026-09-07 04:20:00+00:00,EKALAYAVA,246.9,246.95,217.75,242.65,246.95,strong_green,NSE-NIFTY-29Sep26-23950-PE,2026-09-29,23950.0,PE,2,2026-09-07 04:20:00+00:00,2026-09-07 04:20:00+00:00,2026-09-07 04:25:00+00:00,246.95,TARGET,39.79999999999998,-3.200000000000017,0.04999999999998295,5.0,9,50,True,True,False,0,0.07378227348085739,5.400000000000006,0.9499999999999886,0.0,5.900000000000006,strong_green,False,False,5.0
2026-09-08,2026-09-08 04:35:00+00:00,EKALAYAVA,315.45,324.85,314.25,327.95,324.85,strong_red,NSE-NIFTY-29Sep26-23950-PE,2026-09-29,23950.0,PE,2,2026-09-08 04:35:00+00:00,2026-09-08 04:35:00+00:00,2026-09-08 05:10:00+00:00,324.85,TARGET,39.400000000000034,-20.099999999999966,9.400000000000034,35.0,10,5,False,False,True,1,0.026230910131746814,-11.650000000000034,0.0,0.5499999999999545,13.199999999999989,strong_red,True,False,35.0
2026-09-09,2026-09-09 04:20:00+00:00,EKALAYAVA,442.1,446.2,427.5,440.0,446.2,normal,NSE-NIFTY-29Sep26-23950-PE,2026-09-29,23950.0,PE,2,2026-09-09 04:20:00+00:00,2026-09-09 04:20:00+00:00,2026-09-09 04:25:00+00:00,446.2,TARGET,62.64999999999998,-51.650000000000034,4.099999999999966,5.0,9,50,True,True,False,2,0.0911699232338835,3.0,3.8500000000000227,4.050000000000011,10.699999999999989,normal,True,False,5.0
2026-09-11,2026-09-11 03:50:00+00:00,EKALAYAVA,681.5,685.5,680.0,685.5,685.5,lower_rejection,NSE-NIFTY-29Sep26-23950-PE,2026-09-29,23950.0,PE,2,2026-09-11 03:50:00+00:00,2026-09-11 03:50:00+00:00,2026-09-11 04:00:00+00:00,685.5,TARGET,10.950000000000045,-178.25,4.0,10.0,9,20,True,True,False,4,0.10911671955192848,1.3999999999999773,10.200000000000045,5.4500000000000455,16.40000000000009,lower_rejection,True,False,10.0
2026-09-17,2026-09-17 07:25:00+00:00,EKALAYAVA,582.45,689.55,673.2,581.4,689.55,unknown,NSE-NIFTY-29Sep26-23950-PE,2026-09-29,23950.0,PE,2,2026-09-17 07:25:00+00:00,2026-09-17 07:25:00+00:00,,,OPEN,86.89999999999998,7.5499999999999545,,,12,55,False,False,True,3,0.02715431338565076,1.0500000000000682,0.0,0.0,0.0,unknown,False,False,
2026-09-18,2026-09-18 09:45:00+00:00,EKALAYAVA,587.0,599.95,593.25,576.0,599.95,strong_green,NSE-NIFTY-29Sep26-23950-PE,2026-09-29,23950.0,PE,2,2026-09-18 09:45:00+00:00,2026-09-18 09:45:00+00:00,2026-09-22 07:20:00+00:00,599.95,OPEN,5.0,-10.399999999999977,12.950000000000045,5615.0,15,15,False,False,True,4,0.026484109108766578,11.0,0.0,0.0,1.5,strong_green,False,False,
2026-09-21,2026-09-21 09:05:00+00:00,EKALAYAVA,515.2,566.3,564.45,513.4,566.3,unknown,NSE-NIFTY-29Sep26-23950-PE,2026-09-29,23950.0,PE,2,2026-09-21 09:05:00+00:00,2026-09-21 09:05:00+00:00,2026-09-22 05:10:00+00:00,566.3,OPEN,0.9499999999999318,-11.100000000000023,51.09999999999991,1205.0,14,35,False,False,True,0,0.024081490899413114,1.8000000000000682,0.0,0.0,0.0,unknown,False,False,
2026-09-22,2026-09-22 03:50:00+00:00,EKALAYAVA,509.0,512.75,498.5,512.75,512.75,strong_red,NSE-NIFTY-29Sep26-23950-PE,2026-09-29,23950.0,PE,2,2026-09-22 03:50:00+00:00,2026-09-22 03:50:00+00:00,2026-09-22 03:55:00+00:00,512.75,TARGET,154.0,-23.30000000000001,3.75,5.0,9,20,True,True,False,1,0.0075643906751795865,-1.1000000000000227,0.0,0.0,6.350000000000023,strong_red,True,False,5.0
2026-08-24,2026-08-24 04:05:00+00:00,EKALAYAVA,149.1,150.1,145.2,150.3,150.1,strong_red,NSE-NIFTY-29Sep26-24050-PE,2026-09-29,24050.0,PE,3,2026-08-24 04:05:00+00:00,2026-08-24 04:05:00+00:00,2026-08-24 04:10:00+00:00,150.1,TARGET,53.349999999999994,0.9000000000000057,1.0,5.0,9,35,True,True,False,0,,-1.200000000000017,0.09999999999999432,0.30000000000001137,2.3000000000000114,strong_red,True,False,5.0
2026-08-25,2026-08-25 04:15:00+00:00,EKALAYAVA,189.15,202.7,197.1,186.9,202.7,lower_rejection,NSE-NIFTY-29Sep26-24050-PE,2026-09-29,24050.0,PE,3,2026-08-25 04:15:00+00:00,2026-08-25 04:15:00+00:00,2026-08-25 04:55:00+00:00,202.7,TARGET,14.699999999999989,-66.35000000000001,13.549999999999983,40.0,9,45,True,True,False,1,0.04569208749643536,2.25,4.0,0.0,5.150000000000006,lower_rejection,False,False,40.0
2026-08-26,2026-08-26 04:35:00+00:00,EKALAYAVA,109.05,118.75,111.2,105.75,118.75,strong_green,NSE-NIFTY-29Sep26-24050-PE,2026-09-29,24050.0,PE,3,2026-08-26 04:35:00+00:00,2026-08-26 04:35:00+00:00,2026-08-26 04:50:00+00:00,118.75,TARGET,29.250000000000014,-1.0499999999999972,9.700000000000003,15.0,10,5,False,False,True,2,0.037545362466496236,3.299999999999997,0.0,0.5499999999999972,3.3499999999999943,strong_green,False,False,15.0
2026-08-28,2026-08-28 05:15:00+00:00,EKALAYAVA,150.6,182.3,173.7,152.6,182.3,strong_red,NSE-NIFTY-29Sep26-24050-PE,2026-09-29,24050.0,PE,3,2026-08-28 05:15:00+00:00,2026-08-28 05:15:00+00:00,2026-08-28 06:05:00+00:00,182.3,TARGET,45.95000000000002,-3.0999999999999943,31.700000000000017,50.0,10,45,False,False,True,4,0.01919888588628497,0.549999999999983,0.0,0.5,4.900000000000006,strong_red,False,False,50.0
2026-08-31,2026-08-31 08:00:00+00:00,EKALAYAVA,179.5,212.25,188.0,183.45,212.25,strong_red,NSE-NIFTY-29Sep26-24050-PE,2026-09-29,24050.0,PE,3,2026-08-31 08:00:00+00:00,2026-08-31 08:00:00+00:00,2026-09-01 04:15:00+00:00,212.25,OPEN,20.150000000000006,-18.69999999999999,32.75,1215.0,13,30,False,False,True,0,0.013422161467908795,-3.9000000000000057,0.0,0.75,4.5,strong_red,False,False,
2026-09-01,2026-09-01 06:15:00+00:00,EKALAYAVA,168.5,210.25,198.8,168.35,210.25,strong_green,NSE-NIFTY-29Sep26-24050-PE,2026-09-29,24050.0,PE,3,2026-09-01 06:15:00+00:00,2026-09-01 06:15:00+00:00,2026-09-01 08:05:00+00:00,210.25,TARGET,95.10000000000002,-5.5,41.75,110.0,11,45,False,False,True,1,0.02531621756561371,3.6500000000000057,0.6500000000000057,0.0,5.050000000000011,strong_green,False,False,110.0
2026-09-02,2026-09-02 05:10:00+00:00,EKALAYAVA,299.4,328.85,249.95,299.35,328.85,lower_rejection,NSE-NIFTY-29Sep26-24050-PE,2026-09-29,24050.0,PE,3,2026-09-02 05:10:00+00:00,2026-09-02 05:10:00+00:00,,,OPEN,27.600000000000023,-32.049999999999955,,,10,40,False,False,True,2,0.023020187650535904,0.049999999999954525,2.349999999999966,0.5,4.449999999999989,lower_rejection,False,False,
2026-09-03,2026-09-03 04:30:00+00:00,EKALAYAVA,210.95,271.1,213.1,210.0,271.1,upper_rejection,NSE-NIFTY-29Sep26-24050-PE,2026-09-29,24050.0,PE,3,2026-09-03 04:30:00+00:00,2026-09-03 04:30:00+00:00,2026-09-03 06:50:00+00:00,271.1,TARGET,90.55000000000001,-1.3499999999999943,60.150000000000034,140.0,10,0,False,False,True,3,0.07002231076490646,1.049999999999983,0.75,1.4000000000000057,2.4499999999999886,upper_rejection,False,False,140.0
2026-09-04,2026-09-04 04:40:00+00:00,EKALAYAVA,236.85,264.75,244.8,234.7,264.75,lower_rejection,NSE-NIFTY-29Sep26-24050-PE,2026-09-29,24050.0,PE,3,2026-09-04 04:40:00+00:00,2026-09-04 04:40:00+00:00,2026-09-07 03:45:00+00:00,264.75,OPEN,7.450000000000017,-25.099999999999994,27.900000000000006,4265.0,10,10,False,False,True,4,0.023017561881592673,2.1500000000000057,2.1500000000000057,1.549999999999983,4.5,lower_rejection,False,False,
2026-09-07,2026-09-07 04:00:00+00:00,EKALAYAVA,292.4,299.95,263.4,300.55,299.95,strong_red,NSE-NIFTY-29Sep26-24050-PE,2026-09-29,24050.0,PE,3,2026-09-07 04:00:00+00:00,2026-09-07 04:00:00+00:00,2026-09-07 04:20:00+00:00,299.95,TARGET,47.75,-5.75,7.550000000000011,20.0,9,30,True,True,False,0,0.06894201591696487,-7.550000000000011,0.0,0.8999999999999773,8.75,strong_red,True,False,20.0
2026-09-08,2026-09-08 03:50:00+00:00,EKALAYAVA,381.9,385.75,327.55,385.75,385.75,upper_rejection,NSE-NIFTY-29Sep26-24050-PE,2026-09-29,24050.0,PE,3,2026-09-08 03:50:00+00:00,2026-09-08 03:50:00+00:00,2026-09-08 03:55:00+00:00,385.75,TARGET,38.150000000000034,-26.799999999999955,3.8500000000000227,5.0,9,20,True,True,False,1,0.04258735574150324,3.099999999999966,1.0,3.9500000000000455,7.850000000000023,upper_rejection,True,False,5.0
2026-09-09,2026-09-09 04:20:00+00:00,EKALAYAVA,513.1,521.8,506.8,514.95,521.8,upper_rejection,NSE-NIFTY-29Sep26-24050-PE,2026-09-29,24050.0,PE,3,2026-09-09 04:20:00+00:00,2026-09-09 04:20:00+00:00,2026-09-09 04:25:00+00:00,521.8,TARGET,58.799999999999955,-55.0,8.699999999999932,5.0,9,50,True,True,False,2,0.08943927397346775,-1.8500000000000227,0.0,7.899999999999977,9.799999999999955,upper_rejection,True,False,5.0
2026-09-11,2026-09-11 04:15:00+00:00,EKALAYAVA,778.0,784.45,693.0,772.8,784.45,upper_rejection,NSE-NIFTY-29Sep26-24050-PE,2026-09-29,24050.0,PE,3,2026-09-11 04:15:00+00:00,2026-09-11 04:15:00+00:00,,,OPEN,2.2999999999999545,-186.0,,,9,45,True,True,False,4,0.10101099731210826,7.25,0.049999999999954525,1.7000000000000455,2.6000000000000227,upper_rejection,False,False,
2026-09-17,2026-09-17 05:00:00+00:00,EKALAYAVA,740.6,793.2,779.9,727.0,793.2,unknown,NSE-NIFTY-29Sep26-24050-PE,2026-09-29,24050.0,PE,3,2026-09-17 05:00:00+00:00,2026-09-17 05:00:00+00:00,,,OPEN,13.699999999999932,-81.60000000000002,,,10,30,False,False,True,3,0.03344932517541191,13.600000000000023,0.0,0.0,0.0,unknown,False,False,
2026-09-18,2026-09-18 09:35:00+00:00,EKALAYAVA,681.0,692.55,679.85,670.0,692.55,strong_green,NSE-NIFTY-29Sep26-24050-PE,2026-09-29,24050.0,PE,3,2026-09-18 09:35:00+00:00,2026-09-18 09:35:00+00:00,2026-09-22 06:25:00+00:00,692.55,OPEN,6.4500000000000455,-6.5,11.549999999999955,5570.0,15,5,False,False,True,4,0.021071669294931806,28.299999999999955,0.0,0.0,7.7000000000000455,strong_green,False,False,
2026-09-21,2026-09-21 04:35:00+00:00,EKALAYAVA,665.7,678.2,650.8,663.9,678.2,unknown,NSE-NIFTY-29Sep26-24050-PE,2026-09-29,24050.0,PE,3,2026-09-21 04:35:00+00:00,2026-09-21 04:35:00+00:00,2026-09-22 06:20:00+00:00,678.2,OPEN,9.699999999999932,-79.60000000000002,12.5,1545.0,10,5,False,False,True,0,0.019797441820945765,1.8000000000000682,0.0,0.0,0.0,unknown,False,False,
