date,timestamp,strategy,entry,sl,target,opening_high,opening_low,candle_type,symbol,expiry,strike,option_type,itm_rank,exit_time,exit_price,outcome,mfe,mae,points_gained_lost,time_to_exit_minutes,entry_hour,entry_minute,before_10
2026-08-28,2026-08-28 03:55:00+00:00,LEVEL_TO_LEVEL,1025.8,976.95,1000.0,1000.0,980.95,strong_green,NSE-NIFTY-01Sep26-23200-CE,2026-09-01,23200.0,CE,2,2026-08-28 04:00:00+00:00,1000.0,TARGET,40.799999999999955,-261.69999999999993,-25.799999999999955,5.0,9,25,True
2026-09-01,2026-09-01 03:55:00+00:00,LEVEL_TO_LEVEL,858.35,836.7,852.4,852.4,840.7,strong_green,NSE-NIFTY-01Sep26-23200-CE,2026-09-01,23200.0,CE,2,2026-09-01 04:05:00+00:00,852.4,TARGET,82.94999999999993,-94.25,-5.9500000000000455,10.0,9,25,True
2026-08-25,2026-08-25 04:05:00+00:00,LEVEL_TO_LEVEL,5.7,2.25,8.0,8.0,6.25,strong_green,NSE-NIFTY-01Sep26-23500-PE,2026-09-01,23500.0,PE,2,2026-08-28 10:00:00+00:00,2.25,SL,1.2999999999999998,-2.2,-3.45,4675.0,9,35,True
2026-08-26,2026-08-26 04:00:00+00:00,LEVEL_TO_LEVEL,3.7,-0.3500000000000001,4.7,4.7,3.65,normal,NSE-NIFTY-01Sep26-23500-PE,2026-09-01,23500.0,PE,2,2026-08-27 05:55:00+00:00,4.7,TARGET,0.19999999999999973,-1.3000000000000003,1.0,1555.0,9,30,True
2026-09-01,2026-09-01 04:25:00+00:00,LEVEL_TO_LEVEL,0.65,-3.3,0.9,0.9,0.7,normal,NSE-NIFTY-01Sep26-23500-PE,2026-09-01,23500.0,PE,2,2026-09-01 05:50:00+00:00,0.9,TARGET,0.45000000000000007,-0.6,0.25,85.0,9,55,True
2026-08-25,2026-08-25 03:55:00+00:00,LEVEL_TO_LEVEL,6.55,3.05,9.4,9.4,7.05,upper_rejection,NSE-NIFTY-01Sep26-23550-PE,2026-09-01,23550.0,PE,3,2026-08-26 09:00:00+00:00,3.05,SL,1.7000000000000002,-2.8,-3.5,1745.0,9,25,True
2026-08-26,2026-08-26 04:00:00+00:00,LEVEL_TO_LEVEL,3.95,-0.10000000000000009,6.0,6.0,3.9,normal,NSE-NIFTY-01Sep26-23550-PE,2026-09-01,23550.0,PE,3,,,OPEN,0.25,-1.4500000000000002,,,9,30,True
2026-09-01,2026-09-01 04:20:00+00:00,LEVEL_TO_LEVEL,0.7,-3.3,0.95,0.95,0.7,normal,NSE-NIFTY-01Sep26-23550-PE,2026-09-01,23550.0,PE,3,2026-09-01 05:45:00+00:00,0.95,TARGET,0.44999999999999996,-0.6499999999999999,0.25,85.0,9,50,True
2026-09-01,2026-09-01 03:55:00+00:00,LEVEL_TO_LEVEL,921.05,900.2,912.55,912.55,904.2,strong_green,NSE-NIFTY-08Sep26-23200-CE,2026-09-08,23200.0,CE,3,2026-09-01 04:00:00+00:00,912.55,TARGET,59.90000000000009,-258.04999999999995,-8.5,5.0,9,25,True
2026-09-02,2026-09-02 03:55:00+00:00,LEVEL_TO_LEVEL,692.0,676.05,696.25,696.25,680.05,strong_green,NSE-NIFTY-08Sep26-23200-CE,2026-09-08,23200.0,CE,3,2026-09-02 04:00:00+00:00,696.25,TARGET,176.25,-21.950000000000045,4.25,5.0,9,25,True
2026-09-03,2026-09-03 04:05:00+00:00,LEVEL_TO_LEVEL,852.35,824.25,841.65,841.65,828.25,strong_green,NSE-NIFTY-08Sep26-23200-CE,2026-09-08,23200.0,CE,3,2026-09-03 04:10:00+00:00,841.65,TARGET,15.899999999999977,-207.80000000000007,-10.700000000000045,5.0,9,35,True
2026-09-08,2026-09-08 04:00:00+00:00,LEVEL_TO_LEVEL,492.35,500.25,513.6,513.6,504.25,strong_green,NSE-NIFTY-08Sep26-23200-CE,2026-09-08,23200.0,CE,3,2026-09-08 04:05:00+00:00,500.25,SL,38.299999999999955,-132.5,7.899999999999977,5.0,9,30,True
2026-09-08,2026-09-08 04:00:00+00:00,LEVEL_TO_LEVEL,442.6,450.15,470.9,470.9,454.15,strong_green,NSE-NIFTY-08Sep26-23250-CE,2026-09-08,23250.0,CE,2,2026-09-08 04:05:00+00:00,450.15,SL,40.099999999999966,-135.75,7.5499999999999545,5.0,9,30,True
2026-08-24,2026-08-24 04:00:00+00:00,LEVEL_TO_LEVEL,12.65,8.1,13.95,13.95,12.1,lower_rejection,NSE-NIFTY-08Sep26-23500-PE,2026-09-08,23500.0,PE,2,2026-08-24 05:25:00+00:00,13.95,TARGET,10.749999999999998,-0.7000000000000011,1.299999999999999,85.0,9,30,True
2026-08-25,2026-08-25 04:05:00+00:00,LEVEL_TO_LEVEL,15.85,13.600000000000001,21.45,21.45,17.6,normal,NSE-NIFTY-08Sep26-23500-PE,2026-09-08,23500.0,PE,2,2026-08-25 06:25:00+00:00,13.600000000000001,SL,3.1500000000000004,-7.85,-2.2499999999999982,140.0,9,35,True
2026-08-28,2026-08-28 04:15:00+00:00,LEVEL_TO_LEVEL,13.85,9.4,16.65,16.65,13.4,normal,NSE-NIFTY-08Sep26-23500-PE,2026-09-08,23500.0,PE,2,2026-08-28 06:25:00+00:00,16.65,TARGET,4.4,-3.1500000000000004,2.799999999999999,130.0,9,45,True
2026-09-01,2026-09-01 04:05:00+00:00,LEVEL_TO_LEVEL,10.55,7.300000000000001,13.1,13.1,11.3,normal,NSE-NIFTY-08Sep26-23500-PE,2026-09-08,23500.0,PE,2,2026-09-01 08:20:00+00:00,13.1,TARGET,28.099999999999998,-3.200000000000001,2.549999999999999,255.0,9,35,True
2026-09-03,2026-09-03 04:15:00+00:00,LEVEL_TO_LEVEL,8.9,4.4,12.6,12.6,8.4,strong_green,NSE-NIFTY-08Sep26-23500-PE,2026-09-08,23500.0,PE,2,2026-09-03 05:45:00+00:00,12.6,TARGET,4.1,-2.7,3.6999999999999993,90.0,9,45,True
2026-09-08,2026-09-08 05:20:00+00:00,LEVEL_TO_LEVEL,3.0,-1.15,4.05,4.05,2.85,lower_rejection,NSE-NIFTY-08Sep26-23500-PE,2026-09-08,23500.0,PE,2,2026-09-08 06:20:00+00:00,4.05,TARGET,1.7000000000000002,-2.95,1.0499999999999998,60.0,10,50,False
2026-08-24,2026-08-24 04:00:00+00:00,LEVEL_TO_LEVEL,16.7,11.8,17.35,17.35,15.8,lower_rejection,NSE-NIFTY-08Sep26-23600-PE,2026-09-08,23600.0,PE,3,2026-08-24 05:20:00+00:00,17.35,TARGET,13.650000000000002,-0.5500000000000007,0.6500000000000021,80.0,9,30,True
2026-08-25,2026-08-25 04:05:00+00:00,LEVEL_TO_LEVEL,20.6,18.3,25.9,25.9,22.3,normal,NSE-NIFTY-08Sep26-23600-PE,2026-09-08,23600.0,PE,3,2026-08-25 06:25:00+00:00,18.3,SL,5.199999999999999,-11.450000000000001,-2.3000000000000007,140.0,9,35,True
2026-08-26,2026-08-26 03:55:00+00:00,LEVEL_TO_LEVEL,9.85,6.199999999999999,11.25,11.25,10.2,lower_rejection,NSE-NIFTY-08Sep26-23600-PE,2026-09-08,23600.0,PE,3,2026-08-26 04:50:00+00:00,11.25,TARGET,5.65,-0.6999999999999993,1.4000000000000004,55.0,9,25,True
2026-08-28,2026-08-28 04:15:00+00:00,LEVEL_TO_LEVEL,17.65,15.149999999999999,21.35,21.35,19.15,normal,NSE-NIFTY-08Sep26-23600-PE,2026-09-08,23600.0,PE,3,2026-08-28 04:45:00+00:00,15.149999999999999,SL,7.0,-4.599999999999998,-2.5,30.0,9,45,True
2026-09-01,2026-09-01 04:05:00+00:00,LEVEL_TO_LEVEL,15.15,11.45,19.95,19.95,15.45,strong_green,NSE-NIFTY-08Sep26-23600-PE,2026-09-08,23600.0,PE,3,2026-09-01 05:35:00+00:00,11.45,SL,42.300000000000004,-5.300000000000001,-3.700000000000001,90.0,9,35,True
2026-09-04,2026-09-04 04:25:00+00:00,LEVEL_TO_LEVEL,11.85,7.6,15.6,15.6,11.6,lower_rejection,NSE-NIFTY-08Sep26-23600-PE,2026-09-08,23600.0,PE,3,2026-09-04 08:55:00+00:00,7.6,SL,0.9500000000000011,-5.75,-4.25,270.0,9,55,True
2026-09-09,2026-09-09 04:00:00+00:00,LEVEL_TO_LEVEL,673.5,662.45,666.45,666.45,666.45,strong_green,NSE-NIFTY-15Sep26-22900-CE,2026-09-15,22900.0,CE,3,2026-09-09 04:05:00+00:00,666.45,TARGET,53.89999999999998,-109.5,-7.0499999999999545,5.0,9,30,True
2026-09-10,2026-09-10 03:55:00+00:00,LEVEL_TO_LEVEL,591.65,586.0,619.85,619.85,590.0,normal,NSE-NIFTY-15Sep26-22900-CE,2026-09-15,22900.0,CE,3,2026-09-10 04:00:00+00:00,586.0,SL,30.700000000000045,-223.09999999999997,-5.649999999999977,5.0,9,25,True
2026-09-15,2026-09-15 04:40:00+00:00,LEVEL_TO_LEVEL,495.0,585.8,655.4,655.4,589.8,normal,NSE-NIFTY-15Sep26-22900-CE,2026-09-15,22900.0,CE,3,2026-09-15 04:45:00+00:00,585.8,SL,2.1000000000000227,-295.65,90.79999999999995,5.0,10,10,False
2026-09-10,2026-09-10 03:55:00+00:00,LEVEL_TO_LEVEL,447.65,440.6,474.25,474.25,444.6,upper_rejection,NSE-NIFTY-15Sep26-23050-CE,2026-09-15,23050.0,CE,2,2026-09-10 04:00:00+00:00,440.6,SL,32.35000000000002,-207.64999999999998,-7.0499999999999545,5.0,9,25,True
2026-09-11,2026-09-11 04:25:00+00:00,LEVEL_TO_LEVEL,249.4,236.0,252.45,252.45,240.0,strong_green,NSE-NIFTY-15Sep26-23050-CE,2026-09-15,23050.0,CE,2,2026-09-11 04:30:00+00:00,252.45,TARGET,237.85,-2.4000000000000057,3.049999999999983,5.0,9,55,True
2026-09-15,2026-09-15 04:40:00+00:00,LEVEL_TO_LEVEL,347.0,435.2,487.25,487.25,439.2,normal,NSE-NIFTY-15Sep26-23050-CE,2026-09-15,23050.0,CE,2,2026-09-15 04:45:00+00:00,435.2,SL,2.8999999999999773,-292.7,88.19999999999999,5.0,10,10,False
2026-09-01,2026-09-01 04:05:00+00:00,LEVEL_TO_LEVEL,31.4,27.35,33.7,33.7,31.35,strong_green,NSE-NIFTY-15Sep26-23550-PE,2026-09-15,23550.0,PE,2,2026-09-01 04:15:00+00:00,33.7,TARGET,52.00000000000001,-8.0,2.3000000000000043,10.0,9,35,True
2026-09-02,2026-09-02 05:00:00+00:00,LEVEL_TO_LEVEL,63.25,62.95,77.95,77.95,66.95,lower_rejection,NSE-NIFTY-15Sep26-23550-PE,2026-09-15,23550.0,PE,2,2026-09-02 06:30:00+00:00,77.95,TARGET,17.450000000000003,-32.25,14.700000000000003,90.0,10,30,False
2026-09-03,2026-09-03 04:20:00+00:00,LEVEL_TO_LEVEL,32.2,29.200000000000003,52.8,52.8,33.2,lower_rejection,NSE-NIFTY-15Sep26-23550-PE,2026-09-15,23550.0,PE,2,2026-09-03 10:05:00+00:00,52.8,TARGET,21.349999999999994,-0.10000000000000142,20.599999999999994,345.0,9,50,True
2026-09-04,2026-09-04 03:55:00+00:00,LEVEL_TO_LEVEL,39.3,32.6,43.0,43.0,36.6,normal,NSE-NIFTY-15Sep26-23550-PE,2026-09-15,23550.0,PE,2,2026-09-04 04:50:00+00:00,32.6,SL,1.8500000000000014,-12.199999999999996,-6.699999999999996,55.0,9,25,True
2026-09-08,2026-09-08 04:45:00+00:00,LEVEL_TO_LEVEL,56.8,51.5,66.95,66.95,55.5,normal,NSE-NIFTY-15Sep26-23550-PE,2026-09-15,23550.0,PE,2,2026-09-08 06:20:00+00:00,66.95,TARGET,86.14999999999999,-0.04999999999999716,10.150000000000006,95.0,10,15,False
2026-09-11,2026-09-11 04:55:00+00:00,LEVEL_TO_LEVEL,287.0,267.55,320.5,320.5,271.55,strong_green,NSE-NIFTY-15Sep26-23550-PE,2026-09-15,23550.0,PE,2,2026-09-11 05:05:00+00:00,267.55,SL,-0.10000000000002274,-228.3,-19.44999999999999,10.0,10,25,False
2026-08-24,2026-08-24 03:55:00+00:00,LEVEL_TO_LEVEL,37.7,34.3,39.3,39.3,38.3,strong_green,NSE-NIFTY-15Sep26-23700-PE,2026-09-15,23700.0,PE,3,2026-08-24 04:05:00+00:00,39.3,TARGET,25.449999999999996,0.3999999999999986,1.5999999999999943,10.0,9,25,True
2026-08-25,2026-08-25 04:05:00+00:00,LEVEL_TO_LEVEL,49.75,50.1,59.2,59.2,54.1,strong_green,NSE-NIFTY-15Sep26-23700-PE,2026-09-15,23700.0,PE,3,2026-08-25 06:20:00+00:00,50.1,SL,8.75,-30.4,0.3500000000000014,135.0,9,35,True
2026-08-28,2026-08-28 04:25:00+00:00,LEVEL_TO_LEVEL,40.95,42.2,51.05,51.05,46.2,upper_rejection,NSE-NIFTY-15Sep26-23700-PE,2026-09-15,23700.0,PE,3,2026-08-28 04:30:00+00:00,42.2,SL,23.450000000000003,-4.700000000000003,1.25,5.0,9,55,True
2026-08-31,2026-08-31 03:55:00+00:00,LEVEL_TO_LEVEL,59.75,50.5,58.65,58.65,54.5,strong_green,NSE-NIFTY-15Sep26-23700-PE,2026-09-15,23700.0,PE,3,2026-08-31 04:00:00+00:00,58.65,TARGET,5.099999999999994,-18.950000000000003,-1.1000000000000014,5.0,9,25,True
2026-09-01,2026-09-01 04:05:00+00:00,LEVEL_TO_LEVEL,50.35,45.35,53.2,53.2,49.35,strong_green,NSE-NIFTY-15Sep26-23700-PE,2026-09-15,23700.0,PE,3,2026-09-01 04:15:00+00:00,53.2,TARGET,75.94999999999999,-14.399999999999999,2.8500000000000014,10.0,9,35,True
2026-09-02,2026-09-02 04:35:00+00:00,LEVEL_TO_LEVEL,108.3,102.65,117.65,117.65,106.65,lower_rejection,NSE-NIFTY-15Sep26-23700-PE,2026-09-15,23700.0,PE,3,2026-09-02 04:40:00+00:00,102.65,SL,12.299999999999997,-59.55,-5.6499999999999915,5.0,10,5,False
2026-09-03,2026-09-03 04:20:00+00:00,LEVEL_TO_LEVEL,50.4,48.2,64.85,64.85,52.2,normal,NSE-NIFTY-15Sep26-23700-PE,2026-09-15,23700.0,PE,3,2026-09-03 05:25:00+00:00,64.85,TARGET,37.6,-0.5,14.449999999999996,65.0,9,50,True
2026-09-04,2026-09-04 03:55:00+00:00,LEVEL_TO_LEVEL,67.0,57.6,71.8,71.8,61.6,normal,NSE-NIFTY-15Sep26-23700-PE,2026-09-15,23700.0,PE,3,2026-09-04 04:20:00+00:00,57.6,SL,8.900000000000006,-19.85,-9.399999999999999,25.0,9,25,True
2026-09-08,2026-09-08 04:45:00+00:00,LEVEL_TO_LEVEL,106.1,99.4,118.6,118.6,103.4,normal,NSE-NIFTY-15Sep26-23700-PE,2026-09-15,23700.0,PE,3,2026-09-08 05:05:00+00:00,118.6,TARGET,128.55,-0.14999999999999147,12.5,20.0,10,15,False
2026-09-09,2026-09-09 05:00:00+00:00,LEVEL_TO_LEVEL,193.6,173.1,223.8,223.8,177.1,strong_green,NSE-NIFTY-15Sep26-23700-PE,2026-09-15,23700.0,PE,3,2026-09-09 06:30:00+00:00,223.8,TARGET,86.35,-29.549999999999983,30.200000000000017,90.0,10,30,False
2026-09-11,2026-09-11 04:55:00+00:00,LEVEL_TO_LEVEL,422.9,410.15,460.35,460.35,414.15,strong_green,NSE-NIFTY-15Sep26-23700-PE,2026-09-15,23700.0,PE,3,2026-09-11 05:00:00+00:00,410.15,SL,0.9500000000000455,-262.4,-12.75,5.0,10,25,False
2026-09-10,2026-09-10 04:10:00+00:00,LEVEL_TO_LEVEL,414.0,426.25,454.55,454.55,430.25,strong_green,NSE-NIFTY-22Sep26-23150-CE,2026-09-22,23150.0,CE,3,2026-09-10 04:25:00+00:00,426.25,SL,33.69999999999999,-153.60000000000002,12.25,15.0,9,40,True
2026-09-15,2026-09-15 04:25:00+00:00,LEVEL_TO_LEVEL,332.45,387.55,416.1,416.1,391.55,lower_rejection,NSE-NIFTY-22Sep26-23150-CE,2026-09-22,23150.0,CE,3,2026-09-15 04:30:00+00:00,387.55,SL,6.0,-158.64999999999998,55.10000000000002,5.0,9,55,True
2026-09-16,2026-09-16 04:15:00+00:00,LEVEL_TO_LEVEL,194.85,193.8,256.85,256.85,197.8,strong_green,NSE-NIFTY-22Sep26-23150-CE,2026-09-22,23150.0,CE,3,2026-09-16 07:35:00+00:00,256.85,TARGET,68.85,-22.400000000000006,62.00000000000003,200.0,9,45,True
2026-09-18,2026-09-18 04:05:00+00:00,LEVEL_TO_LEVEL,223.55,219.25,251.6,251.6,223.25,strong_green,NSE-NIFTY-22Sep26-23150-CE,2026-09-22,23150.0,CE,3,2026-09-18 04:10:00+00:00,219.25,SL,43.19999999999999,-26.600000000000023,-4.300000000000011,5.0,9,35,True
2026-09-22,2026-09-22 04:05:00+00:00,LEVEL_TO_LEVEL,300.9,282.15,330.9,330.9,286.15,normal,NSE-NIFTY-22Sep26-23150-CE,2026-09-22,23150.0,CE,3,2026-09-22 05:00:00+00:00,282.15,SL,18.100000000000023,-164.24999999999997,-18.75,55.0,9,35,True
2026-09-08,2026-09-08 03:55:00+00:00,LEVEL_TO_LEVEL,591.15,631.0,635.0,635.0,635.0,strong_green,NSE-NIFTY-22Sep26-23200-CE,2026-09-22,23200.0,CE,2,2026-09-08 04:10:00+00:00,631.0,SL,13.5,-168.14999999999998,39.85000000000002,15.0,9,25,True
2026-09-09,2026-09-09 04:30:00+00:00,LEVEL_TO_LEVEL,435.5,443.65,455.35,455.35,447.65,lower_rejection,NSE-NIFTY-22Sep26-23200-CE,2026-09-22,23200.0,CE,2,2026-09-09 04:35:00+00:00,443.65,SL,70.69999999999999,-70.94999999999999,8.149999999999977,5.0,10,0,False
2026-09-10,2026-09-10 03:55:00+00:00,LEVEL_TO_LEVEL,393.65,377.1,416.4,416.4,381.1,strong_green,NSE-NIFTY-22Sep26-23200-CE,2026-09-22,23200.0,CE,2,2026-09-10 04:00:00+00:00,377.1,SL,18.350000000000023,-168.64999999999998,-16.549999999999955,5.0,9,25,True
2026-09-15,2026-09-15 04:00:00+00:00,LEVEL_TO_LEVEL,337.6,345.75,381.0,381.0,349.75,lower_rejection,NSE-NIFTY-22Sep26-23200-CE,2026-09-22,23200.0,CE,2,2026-09-15 04:05:00+00:00,345.75,SL,4.2999999999999545,-190.20000000000002,8.149999999999977,5.0,9,30,True
2026-09-16,2026-09-16 04:15:00+00:00,LEVEL_TO_LEVEL,166.6,167.05,223.35,223.35,171.05,strong_green,NSE-NIFTY-22Sep26-23200-CE,2026-09-22,23200.0,CE,2,2026-09-16 04:20:00+00:00,167.05,SL,63.30000000000001,-23.150000000000006,0.45000000000001705,5.0,9,45,True
2026-09-18,2026-09-18 04:05:00+00:00,LEVEL_TO_LEVEL,186.7,182.35,212.7,212.7,186.35,strong_green,NSE-NIFTY-22Sep26-23200-CE,2026-09-22,23200.0,CE,2,2026-09-18 04:10:00+00:00,182.35,SL,35.25,-24.69999999999999,-4.349999999999994,5.0,9,35,True
2026-09-22,2026-09-22 04:05:00+00:00,LEVEL_TO_LEVEL,251.75,234.2,285.35,285.35,238.2,normal,NSE-NIFTY-22Sep26-23200-CE,2026-09-22,23200.0,CE,2,2026-09-22 05:00:00+00:00,234.2,SL,17.75,-156.55,-17.55000000000001,55.0,9,35,True
2026-09-01,2026-09-01 04:15:00+00:00,LEVEL_TO_LEVEL,39.0,34.7,39.4,39.4,38.7,lower_rejection,NSE-NIFTY-22Sep26-23400-PE,2026-09-22,23400.0,PE,2,2026-09-01 05:10:00+00:00,34.7,SL,43.05,-11.8,-4.299999999999997,55.0,9,45,True
2026-09-02,2026-09-02 04:35:00+00:00,LEVEL_TO_LEVEL,71.35,66.95,74.9,74.9,70.95,normal,NSE-NIFTY-22Sep26-23400-PE,2026-09-22,23400.0,PE,2,2026-09-02 04:50:00+00:00,66.95,SL,8.400000000000006,-35.099999999999994,-4.3999999999999915,15.0,10,5,False
2026-09-03,2026-09-03 04:15:00+00:00,LEVEL_TO_LEVEL,36.8,34.75,41.35,41.35,38.75,lower_rejection,NSE-NIFTY-22Sep26-23400-PE,2026-09-22,23400.0,PE,2,2026-09-03 05:05:00+00:00,41.35,TARGET,23.150000000000006,-0.19999999999999574,4.550000000000004,50.0,9,45,True
2026-09-04,2026-09-04 03:55:00+00:00,LEVEL_TO_LEVEL,47.0,41.55,51.05,51.05,45.55,normal,NSE-NIFTY-22Sep26-23400-PE,2026-09-22,23400.0,PE,2,2026-09-04 04:25:00+00:00,41.55,SL,2.1499999999999986,-11.299999999999997,-5.450000000000003,30.0,9,25,True
2026-09-08,2026-09-08 04:45:00+00:00,LEVEL_TO_LEVEL,62.15,61.349999999999994,69.15,69.15,65.35,upper_rejection,NSE-NIFTY-22Sep26-23400-PE,2026-09-22,23400.0,PE,2,2026-09-08 05:05:00+00:00,69.15,TARGET,64.69999999999999,0.05000000000000426,7.000000000000007,20.0,10,15,False
2026-09-09,2026-09-09 04:55:00+00:00,LEVEL_TO_LEVEL,101.65,96.7,122.6,122.6,100.7,upper_rejection,NSE-NIFTY-22Sep26-23400-PE,2026-09-22,23400.0,PE,2,2026-09-09 06:30:00+00:00,122.6,TARGET,50.400000000000006,-8.5,20.94999999999999,95.0,10,25,False
2026-09-11,2026-09-11 05:20:00+00:00,LEVEL_TO_LEVEL,221.2,205.15,254.5,254.5,209.15,strong_green,NSE-NIFTY-22Sep26-23400-PE,2026-09-22,23400.0,PE,2,2026-09-11 05:40:00+00:00,205.15,SL,2.9000000000000057,-117.64999999999999,-16.049999999999983,20.0,10,50,False
2026-09-17,2026-09-17 04:05:00+00:00,LEVEL_TO_LEVEL,189.85,191.5,253.5,253.5,195.5,lower_rejection,NSE-NIFTY-22Sep26-23400-PE,2026-09-22,23400.0,PE,2,2026-09-17 04:10:00+00:00,191.5,SL,48.150000000000006,-65.55,1.6500000000000057,5.0,9,35,True
2026-09-21,2026-09-21 04:05:00+00:00,LEVEL_TO_LEVEL,79.0,76.4,109.9,109.9,80.4,lower_rejection,NSE-NIFTY-22Sep26-23400-PE,2026-09-22,23400.0,PE,2,2026-09-21 04:15:00+00:00,76.4,SL,12.299999999999997,-57.75,-2.5999999999999943,10.0,9,35,True
2026-09-22,2026-09-22 04:40:00+00:00,LEVEL_TO_LEVEL,21.5,17.25,40.3,40.3,21.25,upper_rejection,NSE-NIFTY-22Sep26-23400-PE,2026-09-22,23400.0,PE,2,2026-09-22 05:05:00+00:00,40.3,TARGET,108.75,-0.1999999999999993,18.799999999999997,25.0,10,10,False
2026-09-03,2026-09-03 04:20:00+00:00,LEVEL_TO_LEVEL,52.2,53.55,59.65,59.65,57.55,strong_green,NSE-NIFTY-22Sep26-23550-PE,2026-09-22,23550.0,PE,3,2026-09-03 04:25:00+00:00,53.55,SL,31.049999999999997,0.6499999999999986,1.3499999999999943,5.0,9,50,True
2026-09-04,2026-09-04 04:05:00+00:00,LEVEL_TO_LEVEL,68.5,63.25,70.05,70.05,67.25,strong_green,NSE-NIFTY-22Sep26-23550-PE,2026-09-22,23550.0,PE,3,2026-09-04 04:30:00+00:00,63.25,SL,24.900000000000006,-15.649999999999999,-5.25,25.0,9,35,True
2026-09-08,2026-09-08 04:45:00+00:00,LEVEL_TO_LEVEL,100.0,95.15,106.55,106.55,99.15,normal,NSE-NIFTY-22Sep26-23550-PE,2026-09-22,23550.0,PE,3,2026-09-08 05:05:00+00:00,106.55,TARGET,87.75,-0.6500000000000057,6.549999999999997,20.0,10,15,False
2026-09-11,2026-09-11 04:55:00+00:00,LEVEL_TO_LEVEL,318.35,296.65,350.95,350.95,300.65,strong_green,NSE-NIFTY-22Sep26-23550-PE,2026-09-22,23550.0,PE,3,2026-09-11 05:15:00+00:00,296.65,SL,0.0,-164.85000000000002,-21.700000000000045,20.0,10,25,False
2026-09-17,2026-09-17 04:05:00+00:00,LEVEL_TO_LEVEL,295.3,295.6,373.15,373.15,299.6,lower_rejection,NSE-NIFTY-22Sep26-23550-PE,2026-09-22,23550.0,PE,3,2026-09-17 04:10:00+00:00,295.6,SL,59.39999999999998,-79.15,0.30000000000001137,5.0,9,35,True
2026-09-21,2026-09-21 04:00:00+00:00,LEVEL_TO_LEVEL,176.15,177.0,218.4,218.4,181.0,lower_rejection,NSE-NIFTY-22Sep26-23550-PE,2026-09-22,23550.0,PE,3,2026-09-21 04:05:00+00:00,177.0,SL,25.150000000000006,-88.95,0.8499999999999943,5.0,9,30,True
2026-08-25,2026-08-25 04:30:00+00:00,LEVEL_TO_LEVEL,964.55,966.0,970.0,970.0,970.0,strong_green,NSE-NIFTY-25Aug26-23200-CE,2026-08-25,23200.0,CE,3,2026-08-25 05:00:00+00:00,966.0,SL,168.10000000000014,-25.34999999999991,1.4500000000000455,30.0,10,0,False
2026-08-24,2026-08-24 04:35:00+00:00,LEVEL_TO_LEVEL,1.15,-2.7,1.7,1.7,1.3,normal,NSE-NIFTY-25Aug26-23400-PE,2026-08-25,23400.0,PE,2,,,OPEN,0.10000000000000009,-0.7499999999999999,,,10,5,False
2026-08-25,2026-08-25 04:35:00+00:00,LEVEL_TO_LEVEL,0.45,-3.5,0.7,0.7,0.5,strong_green,NSE-NIFTY-25Aug26-23400-PE,2026-08-25,23400.0,PE,2,,,OPEN,0.10000000000000003,-0.4,,,10,5,False
2026-08-24,2026-08-24 04:15:00+00:00,LEVEL_TO_LEVEL,1.35,-2.65,1.85,1.85,1.35,strong_green,NSE-NIFTY-25Aug26-23450-PE,2026-08-25,23450.0,PE,3,,,OPEN,0.04999999999999982,-0.9500000000000001,,,9,45,True
2026-08-25,2026-08-25 04:40:00+00:00,LEVEL_TO_LEVEL,0.45,-3.45,1.0,1.0,0.55,strong_green,NSE-NIFTY-25Aug26-23450-PE,2026-08-25,23450.0,PE,3,,,OPEN,0.2,-0.4,,,10,10,False
2026-08-24,2026-08-24 03:55:00+00:00,LEVEL_TO_LEVEL,122.15,118.45,130.4,130.4,122.45,normal,NSE-NIFTY-29Sep26-23950-PE,2026-09-29,23950.0,PE,2,2026-08-24 05:20:00+00:00,130.4,TARGET,49.19999999999999,1.1999999999999886,8.25,85.0,9,25,True
2026-08-25,2026-08-25 04:10:00+00:00,LEVEL_TO_LEVEL,155.4,151.2,171.35,171.35,155.2,strong_green,NSE-NIFTY-29Sep26-23950-PE,2026-09-29,23950.0,PE,2,2026-08-25 06:10:00+00:00,151.2,SL,14.650000000000006,-72.4,-4.200000000000017,120.0,9,40,True
2026-08-26,2026-08-26 04:00:00+00:00,LEVEL_TO_LEVEL,89.7,90.95,97.25,97.25,94.95,strong_green,NSE-NIFTY-29Sep26-23950-PE,2026-09-29,23950.0,PE,2,2026-08-26 04:05:00+00:00,90.95,SL,37.14999999999999,-6.700000000000003,1.25,5.0,9,30,True
2026-08-28,2026-08-28 04:05:00+00:00,LEVEL_TO_LEVEL,140.5,140.75,156.4,156.4,144.75,strong_green,NSE-NIFTY-29Sep26-23950-PE,2026-09-29,23950.0,PE,2,2026-08-28 04:10:00+00:00,140.75,SL,44.349999999999994,-22.349999999999994,0.25,5.0,9,35,True
2026-09-01,2026-09-01 04:05:00+00:00,LEVEL_TO_LEVEL,162.6,160.4,173.55,173.55,164.4,normal,NSE-NIFTY-29Sep26-23950-PE,2026-09-29,23950.0,PE,2,2026-09-01 04:15:00+00:00,173.55,TARGET,124.79999999999998,-34.8,10.950000000000017,10.0,9,35,True
2026-09-03,2026-09-03 04:20:00+00:00,LEVEL_TO_LEVEL,171.9,171.1,198.7,198.7,175.1,strong_green,NSE-NIFTY-29Sep26-23950-PE,2026-09-29,23950.0,PE,2,2026-09-03 05:10:00+00:00,198.7,TARGET,75.9,-0.6500000000000057,26.799999999999983,50.0,9,50,True
2026-09-04,2026-09-04 04:25:00+00:00,LEVEL_TO_LEVEL,192.4,196.0,218.75,218.75,200.0,strong_green,NSE-NIFTY-29Sep26-23950-PE,2026-09-29,23950.0,PE,2,2026-09-04 04:30:00+00:00,196.0,SL,59.5,-19.75,3.5999999999999943,5.0,9,55,True
2026-09-08,2026-09-08 04:10:00+00:00,LEVEL_TO_LEVEL,325.15,310.25,324.85,324.85,314.25,strong_green,NSE-NIFTY-29Sep26-23950-PE,2026-09-29,23950.0,PE,2,2026-09-08 04:15:00+00:00,324.85,TARGET,123.80000000000001,-29.799999999999955,-0.2999999999999545,5.0,9,40,True
2026-09-09,2026-09-09 04:15:00+00:00,LEVEL_TO_LEVEL,439.1,423.5,446.2,446.2,427.5,strong_green,NSE-NIFTY-29Sep26-23950-PE,2026-09-29,23950.0,PE,2,2026-09-09 04:20:00+00:00,446.2,TARGET,73.5,-48.650000000000034,7.099999999999966,5.0,9,45,True
2026-09-11,2026-09-11 04:05:00+00:00,LEVEL_TO_LEVEL,677.15,676.0,685.5,685.5,680.0,lower_rejection,NSE-NIFTY-29Sep26-23950-PE,2026-09-29,23950.0,PE,2,2026-09-11 04:10:00+00:00,685.5,TARGET,109.60000000000002,-197.14999999999998,8.350000000000023,5.0,9,35,True
2026-09-17,2026-09-17 04:05:00+00:00,LEVEL_TO_LEVEL,654.9,669.2,689.55,689.55,673.2,strong_green,NSE-NIFTY-29Sep26-23950-PE,2026-09-29,23950.0,PE,2,2026-09-17 04:10:00+00:00,669.2,AMBIGUOUS_SL_FIRST,56.10000000000002,-108.54999999999995,14.300000000000068,5.0,9,35,True
2026-09-21,2026-09-21 04:05:00+00:00,LEVEL_TO_LEVEL,560.5,560.45,566.3,566.3,564.45,strong_green,NSE-NIFTY-29Sep26-23950-PE,2026-09-29,23950.0,PE,2,2026-09-21 04:10:00+00:00,566.3,TARGET,102.5,-74.80000000000001,5.7999999999999545,5.0,9,35,True
2026-09-22,2026-09-22 04:25:00+00:00,LEVEL_TO_LEVEL,498.0,494.5,512.75,512.75,498.5,strong_green,NSE-NIFTY-29Sep26-23950-PE,2026-09-29,23950.0,PE,2,2026-09-22 04:30:00+00:00,494.5,SL,165.0,-12.300000000000011,-3.5,5.0,9,55,True
2026-08-24,2026-08-24 03:55:00+00:00,LEVEL_TO_LEVEL,146.8,141.2,150.1,150.1,145.2,strong_green,NSE-NIFTY-29Sep26-24050-PE,2026-09-29,24050.0,PE,3,2026-08-24 04:00:00+00:00,150.1,TARGET,57.04999999999998,1.1499999999999773,3.299999999999983,5.0,9,25,True
2026-08-25,2026-08-25 03:55:00+00:00,LEVEL_TO_LEVEL,182.45,193.1,202.7,202.7,197.1,strong_green,NSE-NIFTY-29Sep26-24050-PE,2026-09-29,24050.0,PE,3,2026-08-25 04:00:00+00:00,193.1,SL,21.400000000000006,-81.89999999999999,10.650000000000006,5.0,9,25,True
2026-08-26,2026-08-26 04:00:00+00:00,LEVEL_TO_LEVEL,109.6,107.2,118.75,118.75,111.2,normal,NSE-NIFTY-29Sep26-24050-PE,2026-09-29,24050.0,PE,3,2026-08-26 04:05:00+00:00,107.2,SL,49.25,-9.049999999999997,-2.3999999999999915,5.0,9,30,True
2026-08-28,2026-08-28 04:05:00+00:00,LEVEL_TO_LEVEL,169.55,169.7,182.3,182.3,173.7,normal,NSE-NIFTY-29Sep26-24050-PE,2026-09-29,24050.0,PE,3,2026-08-28 04:10:00+00:00,169.7,SL,51.25,-24.450000000000017,0.14999999999997726,5.0,9,35,True
2026-09-01,2026-09-01 04:05:00+00:00,LEVEL_TO_LEVEL,204.05,194.8,210.25,210.25,198.8,strong_green,NSE-NIFTY-29Sep26-24050-PE,2026-09-29,24050.0,PE,3,2026-09-01 04:10:00+00:00,210.25,TARGET,131.84999999999997,-47.05000000000001,6.199999999999989,5.0,9,35,True
2026-09-03,2026-09-03 04:20:00+00:00,LEVEL_TO_LEVEL,208.25,209.1,271.1,271.1,213.1,strong_green,NSE-NIFTY-29Sep26-24050-PE,2026-09-29,24050.0,PE,3,2026-09-03 04:25:00+00:00,209.1,SL,93.25,-1.4000000000000057,0.8499999999999943,5.0,9,50,True
2026-09-04,2026-09-04 03:55:00+00:00,LEVEL_TO_LEVEL,253.75,240.8,264.75,264.75,244.8,strong_green,NSE-NIFTY-29Sep26-24050-PE,2026-09-29,24050.0,PE,3,2026-09-04 04:20:00+00:00,240.8,SL,47.39999999999998,-42.0,-12.949999999999989,25.0,9,25,True
2026-09-09,2026-09-09 04:10:00+00:00,LEVEL_TO_LEVEL,493.25,502.8,521.8,521.8,506.8,strong_green,NSE-NIFTY-29Sep26-24050-PE,2026-09-29,24050.0,PE,3,2026-09-09 04:15:00+00:00,502.8,SL,102.75,-35.14999999999998,9.550000000000011,5.0,9,40,True
2026-09-17,2026-09-17 04:10:00+00:00,LEVEL_TO_LEVEL,781.55,775.9,793.2,793.2,779.9,strong_green,NSE-NIFTY-29Sep26-24050-PE,2026-09-29,24050.0,PE,3,2026-09-17 04:20:00+00:00,775.9,SL,-22.149999999999977,-195.44999999999993,-5.649999999999977,10.0,9,40,True
2026-09-21,2026-09-21 04:10:00+00:00,LEVEL_TO_LEVEL,662.85,646.8,678.2,678.2,650.8,strong_green,NSE-NIFTY-29Sep26-24050-PE,2026-09-29,24050.0,PE,3,2026-09-21 04:15:00+00:00,646.8,SL,100.14999999999998,-76.75,-16.050000000000068,5.0,9,40,True
