date,timestamp,strategy,entry,sl,target,opening_high,opening_low,candle_type,symbol,expiry,strike,option_type,itm_rank,exit_time,exit_price,outcome,points_gained_lost,time_to_exit_minutes,entry_hour,entry_minute,before_10,mfe,mae,entry_before_10,entry_after_10,weekday,volatility_10,premium_change,lower_wick,upper_wick,range,rejection_characteristic,breakout_characteristic,false_breakout,time_to_target_minutes
2026-08-28,2026-08-28 03:55:00+00:00,LEVEL_TO_LEVEL,1025.8,976.95,1000.0,1000.0,980.95,strong_green,NSE-NIFTY-01Sep26-23200-CE,2026-09-01,23200.0,CE,2,2026-08-28 04:00:00+00:00,1000.0,TARGET,-25.799999999999955,5.0,3,55,True,40.799999999999955,-79.89999999999998,True,False,4,0.02501191566562305,47.34999999999991,0.0,0.0,3.6499999999999773,strong_green,True,False,5.0
2026-09-01,2026-09-01 03:55:00+00:00,LEVEL_TO_LEVEL,858.35,836.7,852.4,852.4,840.7,strong_green,NSE-NIFTY-01Sep26-23200-CE,2026-09-01,23200.0,CE,2,2026-09-01 04:05:00+00:00,852.4,TARGET,-5.9500000000000455,10.0,3,55,True,82.94999999999993,-94.25,True,False,1,0.03209508912988312,22.5,0.0,0.0,19.649999999999977,strong_green,True,False,10.0
2026-08-25,2026-08-25 04:05:00+00:00,LEVEL_TO_LEVEL,5.7,2.25,8.0,8.0,6.25,strong_green,NSE-NIFTY-01Sep26-23500-PE,2026-09-01,23500.0,PE,2,2026-08-28 10:00:00+00:00,2.25,OPEN,-3.45,4675.0,4,5,True,1.2999999999999998,-1.1000000000000005,True,False,1,0.09210002392406277,0.2999999999999998,0.04999999999999982,0.09999999999999964,0.5,strong_green,False,False,
2026-08-26,2026-08-26 04:00:00+00:00,LEVEL_TO_LEVEL,3.7,-0.3500000000000001,4.7,4.7,3.65,normal,NSE-NIFTY-01Sep26-23500-PE,2026-09-01,23500.0,PE,2,2026-08-27 05:55:00+00:00,4.7,OPEN,1.0,1555.0,4,0,True,0.19999999999999973,-1.0,True,False,2,0.07428464798524491,0.10000000000000009,0.0,0.09999999999999964,0.25,normal,False,False,
2026-09-01,2026-09-01 04:25:00+00:00,LEVEL_TO_LEVEL,0.65,-3.3,0.9,0.9,0.7,normal,NSE-NIFTY-01Sep26-23500-PE,2026-09-01,23500.0,PE,2,2026-09-01 05:50:00+00:00,0.9,TARGET,0.25,85.0,4,25,True,0.45000000000000007,-0.6,True,False,1,0.16410202393279416,0.0,0.0,0.04999999999999993,0.09999999999999998,normal,False,False,85.0
2026-08-25,2026-08-25 03:55:00+00:00,LEVEL_TO_LEVEL,6.55,3.05,9.4,9.4,7.05,upper_rejection,NSE-NIFTY-01Sep26-23550-PE,2026-09-01,23550.0,PE,3,2026-08-26 09:00:00+00:00,3.05,OPEN,-3.5,1745.0,3,55,True,1.7000000000000002,-1.4500000000000002,True,False,1,0.09416011089427845,0.0,0.0,0.15000000000000036,0.20000000000000018,upper_rejection,False,False,
2026-08-26,2026-08-26 04:00:00+00:00,LEVEL_TO_LEVEL,3.95,-0.1,6.0,6.0,3.9,normal,NSE-NIFTY-01Sep26-23550-PE,2026-09-01,23550.0,PE,3,,,OPEN,,,4,0,True,0.25,-1.1500000000000004,True,False,2,0.06310219176466292,0.10000000000000009,0.04999999999999982,0.04999999999999982,0.25,normal,False,False,
2026-09-01,2026-09-01 04:20:00+00:00,LEVEL_TO_LEVEL,0.7,-3.3,0.95,0.95,0.7,normal,NSE-NIFTY-01Sep26-23550-PE,2026-09-01,23550.0,PE,3,2026-09-01 05:45:00+00:00,0.95,TARGET,0.25,85.0,4,20,True,0.44999999999999996,-0.6499999999999999,True,False,1,0.15639585814486506,0.0,0.0,0.050000000000000044,0.09999999999999998,normal,False,False,85.0
2026-09-01,2026-09-01 03:55:00+00:00,LEVEL_TO_LEVEL,921.05,900.2,912.55,912.55,904.2,strong_green,NSE-NIFTY-08Sep26-23200-CE,2026-09-08,23200.0,CE,3,2026-09-01 04:00:00+00:00,912.55,TARGET,-8.5,5.0,3,55,True,59.90000000000009,-127.59999999999991,True,False,1,0.02563392981475701,21.049999999999955,0.0,0.0,10.5,strong_green,True,False,5.0
2026-09-02,2026-09-02 03:55:00+00:00,LEVEL_TO_LEVEL,692.0,676.05,696.25,696.25,680.05,strong_green,NSE-NIFTY-08Sep26-23200-CE,2026-09-08,23200.0,CE,3,2026-09-02 04:00:00+00:00,696.25,TARGET,4.25,5.0,3,55,True,66.64999999999998,-21.950000000000045,True,False,2,0.04674227581642828,17.0,0.0,1.1000000000000227,15.100000000000023,strong_green,False,False,5.0
2026-09-03,2026-09-03 04:05:00+00:00,LEVEL_TO_LEVEL,852.35,824.25,841.65,841.65,828.25,strong_green,NSE-NIFTY-08Sep26-23200-CE,2026-09-08,23200.0,CE,3,2026-09-03 04:10:00+00:00,841.65,TARGET,-10.700000000000044,5.0,4,5,True,15.899999999999977,-148.75,True,False,3,0.05172513560442478,17.350000000000023,0.0,0.0,2.3500000000000227,strong_green,True,False,5.0
2026-09-08,2026-09-08 04:00:00+00:00,LEVEL_TO_LEVEL,492.35,500.25,513.6,513.6,504.25,strong_green,NSE-NIFTY-08Sep26-23200-CE,2026-09-08,23200.0,CE,3,2026-09-08 04:05:00+00:00,500.25,SL,7.899999999999977,5.0,4,0,True,38.299999999999955,-132.5,True,False,1,0.04280507984399159,4.350000000000023,0.0,1.7999999999999545,6.649999999999977,strong_green,False,True,
2026-09-08,2026-09-08 04:00:00+00:00,LEVEL_TO_LEVEL,442.6,450.15,470.9,470.9,454.15,strong_green,NSE-NIFTY-08Sep26-23250-CE,2026-09-08,23250.0,CE,2,2026-09-08 04:05:00+00:00,450.15,SL,7.549999999999954,5.0,4,0,True,40.099999999999966,-135.75,True,False,1,0.04708415759479105,1.6000000000000227,0.0,0.0,1.8000000000000114,strong_green,False,True,
2026-08-24,2026-08-24 04:00:00+00:00,LEVEL_TO_LEVEL,12.65,8.1,13.95,13.95,12.1,lower_rejection,NSE-NIFTY-08Sep26-23500-PE,2026-09-08,23500.0,PE,2,2026-08-24 05:25:00+00:00,13.95,TARGET,1.299999999999999,85.0,4,0,True,10.749999999999998,-0.7000000000000011,True,False,0,,0.25,0.1999999999999993,0.049999999999998934,0.3999999999999986,lower_rejection,False,False,85.0
2026-08-25,2026-08-25 04:05:00+00:00,LEVEL_TO_LEVEL,15.85,13.6,21.45,21.45,17.6,normal,NSE-NIFTY-08Sep26-23500-PE,2026-09-08,23500.0,PE,2,2026-08-25 06:25:00+00:00,13.6,SL,-2.2499999999999982,140.0,4,5,True,3.1500000000000004,-5.85,True,False,1,0.061651678597917196,0.4499999999999993,0.15000000000000036,0.2500000000000018,0.9000000000000021,normal,False,True,
2026-08-28,2026-08-28 04:15:00+00:00,LEVEL_TO_LEVEL,13.85,9.4,16.65,16.65,13.4,normal,NSE-NIFTY-08Sep26-23500-PE,2026-09-08,23500.0,PE,2,2026-08-28 06:25:00+00:00,16.65,TARGET,2.799999999999999,130.0,4,15,True,4.4,-3.1500000000000004,True,False,4,0.04092451411228482,0.40000000000000036,0.25,0.05000000000000071,0.6500000000000004,normal,False,False,130.0
2026-09-01,2026-09-01 04:05:00+00:00,LEVEL_TO_LEVEL,10.55,7.300000000000001,13.1,13.1,11.3,normal,NSE-NIFTY-08Sep26-23500-PE,2026-09-08,23500.0,PE,2,2026-09-01 08:20:00+00:00,13.1,TARGET,2.549999999999999,255.0,4,5,True,8.55,-3.200000000000001,True,False,1,0.047623449218787445,0.3000000000000007,0.0,0.29999999999999893,0.6500000000000004,normal,False,False,255.0
2026-09-03,2026-09-03 04:15:00+00:00,LEVEL_TO_LEVEL,8.9,4.4,12.6,12.6,8.4,strong_green,NSE-NIFTY-08Sep26-23500-PE,2026-09-08,23500.0,PE,2,2026-09-03 05:45:00+00:00,12.6,TARGET,3.6999999999999993,90.0,4,15,True,4.1,-0.8499999999999996,True,False,3,0.1711081320907835,0.25,0.0,0.15000000000000036,0.5,strong_green,False,False,90.0
2026-09-08,2026-09-08 05:20:00+00:00,LEVEL_TO_LEVEL,3.0,-1.15,4.05,4.05,2.85,lower_rejection,NSE-NIFTY-08Sep26-23500-PE,2026-09-08,23500.0,PE,2,2026-09-08 06:20:00+00:00,4.05,TARGET,1.0499999999999998,60.0,5,20,True,1.7000000000000002,-2.95,True,False,1,0.13024394862909253,0.1499999999999999,0.2999999999999998,0.0,0.3999999999999999,lower_rejection,False,False,60.0
2026-08-24,2026-08-24 04:00:00+00:00,LEVEL_TO_LEVEL,16.7,11.8,17.35,17.35,15.8,lower_rejection,NSE-NIFTY-08Sep26-23600-PE,2026-09-08,23600.0,PE,3,2026-08-24 05:20:00+00:00,17.35,TARGET,0.6500000000000021,80.0,4,0,True,13.650000000000002,-0.5500000000000007,True,False,0,,0.25,0.3000000000000007,0.15000000000000213,0.6000000000000014,lower_rejection,False,False,80.0
2026-08-25,2026-08-25 04:05:00+00:00,LEVEL_TO_LEVEL,20.6,18.3,25.9,25.9,22.3,normal,NSE-NIFTY-08Sep26-23600-PE,2026-09-08,23600.0,PE,3,2026-08-25 06:25:00+00:00,18.3,SL,-2.3000000000000007,140.0,4,5,True,5.199999999999999,-8.950000000000001,True,False,1,0.06387948189974038,0.8000000000000007,0.40000000000000213,0.3999999999999986,1.3500000000000014,normal,False,True,
2026-08-26,2026-08-26 03:55:00+00:00,LEVEL_TO_LEVEL,9.85,6.199999999999999,11.25,11.25,10.2,lower_rejection,NSE-NIFTY-08Sep26-23600-PE,2026-09-08,23600.0,PE,3,2026-08-26 04:50:00+00:00,11.25,TARGET,1.4000000000000004,55.0,3,55,True,4.0,-0.6999999999999993,True,False,2,0.04462847096054797,0.049999999999998934,0.25,0.09999999999999964,0.4499999999999993,lower_rejection,False,False,55.0
2026-08-28,2026-08-28 04:15:00+00:00,LEVEL_TO_LEVEL,17.65,15.15,21.35,21.35,19.15,normal,NSE-NIFTY-08Sep26-23600-PE,2026-09-08,23600.0,PE,3,2026-08-28 04:45:00+00:00,15.15,SL,-2.5,30.0,4,15,True,7.0,-4.249999999999998,True,False,4,0.051029282961519436,0.6499999999999986,0.25,0.10000000000000142,0.8999999999999986,normal,False,True,
2026-09-01,2026-09-01 04:05:00+00:00,LEVEL_TO_LEVEL,15.15,11.45,19.95,19.95,15.45,strong_green,NSE-NIFTY-08Sep26-23600-PE,2026-09-08,23600.0,PE,3,2026-09-01 05:35:00+00:00,11.45,SL,-3.700000000000001,90.0,4,5,True,12.6,-5.300000000000001,True,False,1,0.06465391435179975,0.8000000000000007,0.09999999999999964,0.15000000000000036,1.0,strong_green,False,True,
2026-09-04,2026-09-04 04:25:00+00:00,LEVEL_TO_LEVEL,11.85,7.6,15.6,15.6,11.6,lower_rejection,NSE-NIFTY-08Sep26-23600-PE,2026-09-08,23600.0,PE,3,2026-09-04 08:55:00+00:00,7.6,SL,-4.25,270.0,4,25,True,0.9500000000000011,-5.25,True,False,4,0.15011138154070652,0.15000000000000036,0.3000000000000007,0.15000000000000036,0.5500000000000007,lower_rejection,False,True,
2026-09-09,2026-09-09 04:00:00+00:00,LEVEL_TO_LEVEL,673.5,662.45,666.45,666.45,666.45,strong_green,NSE-NIFTY-15Sep26-22900-CE,2026-09-15,22900.0,CE,3,2026-09-09 04:05:00+00:00,666.45,TARGET,-7.0499999999999545,5.0,4,0,True,53.89999999999998,-81.85000000000002,True,False,2,0.05375271522796603,3.2000000000000455,0.0,0.0,2.5,strong_green,True,False,5.0
2026-09-10,2026-09-10 03:55:00+00:00,LEVEL_TO_LEVEL,591.65,586.0,619.85,619.85,590.0,normal,NSE-NIFTY-15Sep26-22900-CE,2026-09-15,22900.0,CE,3,2026-09-10 04:00:00+00:00,586.0,SL,-5.649999999999977,5.0,3,55,True,30.700000000000045,-66.64999999999998,True,False,3,0.023943998065649154,10.5,0.0,7.899999999999977,20.399999999999977,normal,False,True,
2026-09-15,2026-09-15 04:40:00+00:00,LEVEL_TO_LEVEL,495.0,585.8,655.4,655.4,589.8,normal,NSE-NIFTY-15Sep26-22900-CE,2026-09-15,22900.0,CE,3,2026-09-15 04:45:00+00:00,585.8,SL,90.79999999999995,5.0,4,40,True,2.1000000000000227,-295.65,True,False,1,0.02213578974884666,9.25,2.150000000000034,7.149999999999977,22.5,normal,False,True,
2026-09-10,2026-09-10 03:55:00+00:00,LEVEL_TO_LEVEL,447.65,440.6,474.25,474.25,444.6,upper_rejection,NSE-NIFTY-15Sep26-23050-CE,2026-09-15,23050.0,CE,2,2026-09-10 04:00:00+00:00,440.6,SL,-7.0499999999999545,5.0,3,55,True,32.35000000000002,-62.349999999999966,True,False,3,0.02842060059139259,6.599999999999966,1.650000000000034,10.75,21.75,upper_rejection,False,True,
2026-09-11,2026-09-11 04:25:00+00:00,LEVEL_TO_LEVEL,249.4,236.0,252.45,252.45,240.0,strong_green,NSE-NIFTY-15Sep26-23050-CE,2026-09-15,23050.0,CE,2,2026-09-11 04:30:00+00:00,252.45,TARGET,3.049999999999983,5.0,4,25,True,194.04999999999998,-2.4000000000000057,True,False,4,0.1262701777942191,7.050000000000011,0.0,3.1500000000000057,10.550000000000011,strong_green,True,False,5.0
2026-09-15,2026-09-15 04:40:00+00:00,LEVEL_TO_LEVEL,347.0,435.2,487.25,487.25,439.2,normal,NSE-NIFTY-15Sep26-23050-CE,2026-09-15,23050.0,CE,2,2026-09-15 04:45:00+00:00,435.2,SL,88.19999999999999,5.0,4,40,True,2.8999999999999773,-292.7,True,False,1,0.026425939034173476,9.699999999999989,2.8000000000000114,9.25,23.94999999999999,normal,False,True,
2026-09-01,2026-09-01 04:05:00+00:00,LEVEL_TO_LEVEL,31.4,27.35,33.7,33.7,31.35,strong_green,NSE-NIFTY-15Sep26-23550-PE,2026-09-15,23550.0,PE,2,2026-09-01 04:15:00+00:00,33.7,TARGET,2.3000000000000043,10.0,4,5,True,20.15,-8.0,True,False,1,0.06554613143454247,0.5499999999999972,0.0,0.40000000000000213,1.5500000000000007,strong_green,False,False,10.0
2026-09-02,2026-09-02 05:00:00+00:00,LEVEL_TO_LEVEL,63.25,62.95,77.95,77.95,66.95,lower_rejection,NSE-NIFTY-15Sep26-23550-PE,2026-09-15,23550.0,PE,2,2026-09-02 06:30:00+00:00,77.95,TARGET,14.700000000000005,90.0,5,0,True,17.450000000000003,-8.799999999999997,True,False,2,0.03333108508172606,-0.04999999999999716,1.5500000000000043,0.25,2.8500000000000014,lower_rejection,False,False,90.0
2026-09-03,2026-09-03 04:20:00+00:00,LEVEL_TO_LEVEL,32.2,29.200000000000003,52.8,52.8,33.2,lower_rejection,NSE-NIFTY-15Sep26-23550-PE,2026-09-15,23550.0,PE,2,2026-09-03 10:05:00+00:00,52.8,TARGET,20.599999999999994,345.0,4,20,True,21.349999999999994,-0.10000000000000142,True,False,3,0.12111360053049354,0.5500000000000043,0.5500000000000007,0.04999999999999716,0.8500000000000014,lower_rejection,False,False,345.0
2026-09-04,2026-09-04 03:55:00+00:00,LEVEL_TO_LEVEL,39.3,32.6,43.0,43.0,36.6,normal,NSE-NIFTY-15Sep26-23550-PE,2026-09-15,23550.0,PE,2,2026-09-04 04:50:00+00:00,32.6,SL,-6.699999999999996,55.0,3,55,True,1.8500000000000014,-12.199999999999996,True,False,4,0.1152516903896054,1.0,0.3500000000000014,0.9500000000000028,2.3999999999999986,normal,False,True,
2026-09-08,2026-09-08 04:45:00+00:00,LEVEL_TO_LEVEL,56.8,51.5,66.95,66.95,55.5,normal,NSE-NIFTY-15Sep26-23550-PE,2026-09-15,23550.0,PE,2,2026-09-08 06:20:00+00:00,66.95,TARGET,10.150000000000006,95.0,4,45,True,21.5,-0.04999999999999716,True,False,1,0.07306687762484937,2.0,1.5499999999999972,2.950000000000003,7.0,normal,False,False,95.0
2026-09-11,2026-09-11 04:55:00+00:00,LEVEL_TO_LEVEL,287.0,267.55,320.5,320.5,271.55,strong_green,NSE-NIFTY-15Sep26-23550-PE,2026-09-15,23550.0,PE,2,2026-09-11 05:05:00+00:00,267.55,SL,-19.44999999999999,10.0,4,55,True,-0.10000000000002274,-148.2,True,False,4,0.030869687920607954,18.44999999999999,0.6999999999999886,0.0,18.80000000000001,strong_green,False,True,
2026-08-24,2026-08-24 03:55:00+00:00,LEVEL_TO_LEVEL,37.7,34.3,39.3,39.3,38.3,strong_green,NSE-NIFTY-15Sep26-23700-PE,2026-09-15,23700.0,PE,3,2026-08-24 04:05:00+00:00,39.3,TARGET,1.5999999999999943,10.0,3,55,True,25.449999999999996,0.3999999999999986,True,False,0,,-0.6999999999999957,0.0,0.0,0.3500000000000014,strong_green,False,False,10.0
2026-08-25,2026-08-25 04:05:00+00:00,LEVEL_TO_LEVEL,49.75,50.1,59.2,59.2,54.1,strong_green,NSE-NIFTY-15Sep26-23700-PE,2026-09-15,23700.0,PE,3,2026-08-25 06:20:00+00:00,50.1,SL,0.3500000000000014,135.0,4,5,True,8.75,-20.6,True,False,1,0.04010566684870989,1.8500000000000014,0.0,0.0,1.8500000000000014,strong_green,False,True,
2026-08-28,2026-08-28 04:25:00+00:00,LEVEL_TO_LEVEL,40.95,42.2,51.05,51.05,46.2,upper_rejection,NSE-NIFTY-15Sep26-23700-PE,2026-09-15,23700.0,PE,3,2026-08-28 04:30:00+00:00,42.2,SL,1.25,5.0,4,25,True,15.5,-4.700000000000003,True,False,4,0.03849459280546683,-2.3999999999999986,0.20000000000000284,0.5,0.8000000000000043,upper_rejection,False,True,
2026-08-31,2026-08-31 03:55:00+00:00,LEVEL_TO_LEVEL,59.75,50.5,58.65,58.65,54.5,strong_green,NSE-NIFTY-15Sep26-23700-PE,2026-09-15,23700.0,PE,3,2026-08-31 04:00:00+00:00,58.65,TARGET,-1.1000000000000014,5.0,3,55,True,5.099999999999994,-18.950000000000003,True,False,0,0.16446553178016585,2.75,0.0,0.9500000000000028,3.75,strong_green,True,False,5.0
2026-09-01,2026-09-01 04:05:00+00:00,LEVEL_TO_LEVEL,50.35,45.35,53.2,53.2,49.35,strong_green,NSE-NIFTY-15Sep26-23700-PE,2026-09-15,23700.0,PE,3,2026-09-01 04:15:00+00:00,53.2,TARGET,2.8500000000000014,10.0,4,5,True,28.65,-14.399999999999999,True,False,1,0.06505017821001133,2.3999999999999986,0.05000000000000426,0.19999999999999574,1.8999999999999986,strong_green,False,False,10.0
2026-09-02,2026-09-02 04:35:00+00:00,LEVEL_TO_LEVEL,108.3,102.65,117.65,117.65,106.65,lower_rejection,NSE-NIFTY-15Sep26-23700-PE,2026-09-15,23700.0,PE,3,2026-09-02 04:40:00+00:00,102.65,SL,-5.649999999999992,5.0,4,35,True,12.299999999999997,-25.700000000000003,True,False,2,0.04625377324211016,1.5999999999999943,3.6000000000000085,0.5499999999999972,5.799999999999997,lower_rejection,False,True,
2026-09-03,2026-09-03 04:20:00+00:00,LEVEL_TO_LEVEL,50.4,48.2,64.85,64.85,52.2,normal,NSE-NIFTY-15Sep26-23700-PE,2026-09-15,23700.0,PE,3,2026-09-03 05:25:00+00:00,64.85,TARGET,14.449999999999996,65.0,4,20,True,37.6,-0.5,True,False,3,0.11661563889156533,0.8500000000000014,0.6499999999999986,0.20000000000000284,1.6499999999999986,normal,False,False,65.0
2026-09-04,2026-09-04 03:55:00+00:00,LEVEL_TO_LEVEL,67.0,57.6,71.8,71.8,61.6,normal,NSE-NIFTY-15Sep26-23700-PE,2026-09-15,23700.0,PE,3,2026-09-04 04:20:00+00:00,57.6,SL,-9.4,25.0,3,55,True,2.5999999999999943,-19.85,True,False,4,0.10961070064674372,2.700000000000003,1.5999999999999943,0.9000000000000057,5.150000000000006,normal,False,True,
2026-09-08,2026-09-08 04:45:00+00:00,LEVEL_TO_LEVEL,106.1,99.4,118.6,118.6,103.4,normal,NSE-NIFTY-15Sep26-23700-PE,2026-09-15,23700.0,PE,3,2026-09-08 05:05:00+00:00,118.6,TARGET,12.5,20.0,4,45,True,34.400000000000006,-0.14999999999999147,True,False,1,0.06322368423020172,3.299999999999997,2.799999999999997,5.400000000000006,12.349999999999994,normal,False,False,20.0
2026-09-09,2026-09-09 05:00:00+00:00,LEVEL_TO_LEVEL,193.6,173.1,223.8,223.8,177.1,strong_green,NSE-NIFTY-15Sep26-23700-PE,2026-09-15,23700.0,PE,3,2026-09-09 06:30:00+00:00,223.8,TARGET,30.200000000000017,90.0,5,0,True,72.54999999999998,-29.549999999999983,True,False,2,0.05533344086015,10.049999999999983,4.899999999999977,0.4000000000000057,15.699999999999989,strong_green,False,False,90.0
2026-09-11,2026-09-11 04:55:00+00:00,LEVEL_TO_LEVEL,422.9,410.15,460.35,460.35,414.15,strong_green,NSE-NIFTY-15Sep26-23700-PE,2026-09-15,23700.0,PE,3,2026-09-11 05:00:00+00:00,410.15,SL,-12.75,5.0,4,55,True,0.9500000000000455,-173.49999999999997,True,False,4,0.022528474614818793,18.649999999999977,0.0,0.10000000000002274,20.0,strong_green,False,True,
2026-09-10,2026-09-10 04:10:00+00:00,LEVEL_TO_LEVEL,414.0,426.25,454.55,454.55,430.25,strong_green,NSE-NIFTY-22Sep26-23150-CE,2026-09-22,23150.0,CE,3,2026-09-10 04:25:00+00:00,426.25,SL,12.25,15.0,4,10,True,33.69999999999999,-40.30000000000001,True,False,3,0.03823489185716,2.0500000000000114,0.0,0.0,1.5,strong_green,False,True,
2026-09-15,2026-09-15 04:25:00+00:00,LEVEL_TO_LEVEL,332.45,387.55,416.1,416.1,391.55,lower_rejection,NSE-NIFTY-22Sep26-23150-CE,2026-09-22,23150.0,CE,3,2026-09-15 04:30:00+00:00,387.55,SL,55.10000000000002,5.0,4,25,True,6.0,-158.64999999999998,True,False,1,0.02306403535644579,-13.850000000000023,10.5,1.0,14.449999999999989,lower_rejection,False,True,
2026-09-16,2026-09-16 04:15:00+00:00,LEVEL_TO_LEVEL,194.85,193.8,256.85,256.85,197.8,strong_green,NSE-NIFTY-22Sep26-23150-CE,2026-09-22,23150.0,CE,3,2026-09-16 07:35:00+00:00,256.85,TARGET,62.00000000000003,200.0,4,15,True,68.85,-0.29999999999998295,True,False,2,0.10422036767753112,13.150000000000006,1.8000000000000114,1.5500000000000114,17.700000000000017,strong_green,False,False,200.0
2026-09-18,2026-09-18 04:05:00+00:00,LEVEL_TO_LEVEL,223.55,219.25,251.6,251.6,223.25,strong_green,NSE-NIFTY-22Sep26-23150-CE,2026-09-22,23150.0,CE,3,2026-09-18 04:10:00+00:00,219.25,SL,-4.300000000000011,5.0,4,5,True,40.849999999999966,-26.600000000000023,True,False,4,0.03800205861944352,15.050000000000011,1.8499999999999943,1.5999999999999943,18.650000000000006,strong_green,False,True,
2026-09-22,2026-09-22 04:05:00+00:00,LEVEL_TO_LEVEL,300.9,282.15,330.9,330.9,286.15,normal,NSE-NIFTY-22Sep26-23150-CE,2026-09-22,23150.0,CE,3,2026-09-22 05:00:00+00:00,282.15,SL,-18.75,55.0,4,5,True,18.100000000000023,-164.24999999999997,True,False,1,0.0232697072738775,8.849999999999966,7.199999999999989,4.050000000000011,19.0,normal,False,True,
2026-09-08,2026-09-08 03:55:00+00:00,LEVEL_TO_LEVEL,591.15,631.0,635.0,635.0,635.0,strong_green,NSE-NIFTY-22Sep26-23200-CE,2026-09-22,23200.0,CE,2,2026-09-08 04:10:00+00:00,631.0,SL,39.85000000000002,15.0,3,55,True,13.5,-36.14999999999998,True,False,1,0.02946246368147933,-8.850000000000023,0.0,0.0,1.6499999999999773,strong_green,False,True,
2026-09-09,2026-09-09 04:30:00+00:00,LEVEL_TO_LEVEL,435.5,443.65,455.35,455.35,447.65,lower_rejection,NSE-NIFTY-22Sep26-23200-CE,2026-09-22,23200.0,CE,2,2026-09-09 04:35:00+00:00,443.65,SL,8.149999999999977,5.0,4,30,True,70.69999999999999,-44.69999999999999,True,False,2,0.062264605854675074,-5.949999999999989,5.199999999999989,1.5,7.199999999999989,lower_rejection,False,True,
2026-09-10,2026-09-10 03:55:00+00:00,LEVEL_TO_LEVEL,393.65,377.1,416.4,416.4,381.1,strong_green,NSE-NIFTY-22Sep26-23200-CE,2026-09-22,23200.0,CE,2,2026-09-10 04:00:00+00:00,377.1,SL,-16.549999999999955,5.0,3,55,True,18.350000000000023,-60.349999999999966,True,False,3,0.03837066755285326,16.899999999999977,1.75,0.8500000000000227,16.100000000000023,strong_green,False,True,
2026-09-15,2026-09-15 04:00:00+00:00,LEVEL_TO_LEVEL,337.6,345.75,381.0,381.0,349.75,lower_rejection,NSE-NIFTY-22Sep26-23200-CE,2026-09-22,23200.0,CE,2,2026-09-15 04:05:00+00:00,345.75,SL,8.149999999999977,5.0,4,0,True,4.2999999999999545,-190.20000000000002,True,False,1,0.019798936304623968,-0.2999999999999545,5.0,2.3999999999999773,8.0,lower_rejection,False,True,
2026-09-16,2026-09-16 04:15:00+00:00,LEVEL_TO_LEVEL,166.6,167.05,223.35,223.35,171.05,strong_green,NSE-NIFTY-22Sep26-23200-CE,2026-09-22,23200.0,CE,2,2026-09-16 04:20:00+00:00,167.05,SL,0.450000000000017,5.0,4,15,True,63.30000000000001,-0.549999999999983,True,False,2,0.11079516033841601,12.549999999999983,0.9499999999999886,1.200000000000017,15.25,strong_green,False,True,
2026-09-18,2026-09-18 04:05:00+00:00,LEVEL_TO_LEVEL,186.7,182.35,212.7,212.7,186.35,strong_green,NSE-NIFTY-22Sep26-23200-CE,2026-09-22,23200.0,CE,2,2026-09-18 04:10:00+00:00,182.35,SL,-4.349999999999994,5.0,4,5,True,35.25,-24.69999999999999,True,False,4,0.04157968344575718,13.299999999999983,1.4499999999999886,1.700000000000017,16.599999999999994,strong_green,False,True,
2026-09-22,2026-09-22 04:05:00+00:00,LEVEL_TO_LEVEL,251.75,234.2,285.35,285.35,238.2,normal,NSE-NIFTY-22Sep26-23200-CE,2026-09-22,23200.0,CE,2,2026-09-22 05:00:00+00:00,234.2,SL,-17.55000000000001,55.0,4,5,True,17.75,-156.55,True,False,1,0.028977142221896006,8.75,5.849999999999994,3.5,17.599999999999994,normal,False,True,
2026-09-01,2026-09-01 04:15:00+00:00,LEVEL_TO_LEVEL,39.0,34.7,39.4,39.4,38.7,lower_rejection,NSE-NIFTY-22Sep26-23400-PE,2026-09-22,23400.0,PE,2,2026-09-01 05:10:00+00:00,34.7,SL,-4.299999999999997,55.0,4,15,True,13.950000000000003,-11.8,True,False,1,0.06674584966001855,0.6000000000000014,0.25,0.0,0.29999999999999716,lower_rejection,False,True,
2026-09-02,2026-09-02 04:35:00+00:00,LEVEL_TO_LEVEL,71.35,66.95,74.9,74.9,70.95,normal,NSE-NIFTY-22Sep26-23400-PE,2026-09-22,23400.0,PE,2,2026-09-02 04:50:00+00:00,66.95,SL,-4.399999999999992,15.0,4,35,True,8.400000000000006,-12.349999999999994,True,False,2,0.0474928176429419,-0.5,0.9000000000000057,0.5500000000000114,2.3500000000000085,normal,False,True,
2026-09-03,2026-09-03 04:15:00+00:00,LEVEL_TO_LEVEL,36.8,34.75,41.35,41.35,38.75,lower_rejection,NSE-NIFTY-22Sep26-23400-PE,2026-09-22,23400.0,PE,2,2026-09-03 05:05:00+00:00,41.35,TARGET,4.550000000000004,50.0,4,15,True,23.150000000000006,-0.19999999999999574,True,False,3,0.11454155082205839,0.04999999999999716,0.3999999999999986,0.15000000000000568,0.7000000000000028,lower_rejection,False,False,50.0
2026-09-04,2026-09-04 03:55:00+00:00,LEVEL_TO_LEVEL,47.0,41.55,51.05,51.05,45.55,normal,NSE-NIFTY-22Sep26-23400-PE,2026-09-22,23400.0,PE,2,2026-09-04 04:25:00+00:00,41.55,SL,-5.450000000000003,30.0,3,55,True,2.1499999999999986,-11.299999999999997,True,False,4,0.08386994851305274,0.9500000000000028,0.3999999999999986,0.0,1.0,normal,False,True,
2026-09-08,2026-09-08 04:45:00+00:00,LEVEL_TO_LEVEL,62.15,61.35,69.15,69.15,65.35,upper_rejection,NSE-NIFTY-22Sep26-23400-PE,2026-09-22,23400.0,PE,2,2026-09-08 05:05:00+00:00,69.15,TARGET,7.000000000000007,20.0,4,45,True,18.9,0.05000000000000426,True,False,1,0.05316800823246689,0.3500000000000014,1.0999999999999943,2.6000000000000014,5.299999999999997,upper_rejection,False,False,20.0
2026-09-09,2026-09-09 04:55:00+00:00,LEVEL_TO_LEVEL,101.65,96.7,122.6,122.6,100.7,upper_rejection,NSE-NIFTY-22Sep26-23400-PE,2026-09-22,23400.0,PE,2,2026-09-09 06:30:00+00:00,122.6,TARGET,20.94999999999999,95.0,4,55,True,44.400000000000006,-8.5,True,False,2,0.04646948636394671,0.25,1.3499999999999943,2.549999999999997,3.950000000000003,upper_rejection,False,False,95.0
2026-09-11,2026-09-11 05:20:00+00:00,LEVEL_TO_LEVEL,221.2,205.15,254.5,254.5,209.15,strong_green,NSE-NIFTY-22Sep26-23400-PE,2026-09-22,23400.0,PE,2,2026-09-11 05:40:00+00:00,205.15,SL,-16.049999999999983,20.0,5,20,True,2.9000000000000057,-76.19999999999999,True,False,4,0.029346477448577334,6.349999999999994,0.19999999999998863,0.30000000000001137,5.699999999999989,strong_green,False,True,
2026-09-17,2026-09-17 04:05:00+00:00,LEVEL_TO_LEVEL,189.85,191.5,253.5,253.5,195.5,lower_rejection,NSE-NIFTY-22Sep26-23400-PE,2026-09-22,23400.0,PE,2,2026-09-17 04:10:00+00:00,191.5,SL,1.6500000000000057,5.0,4,5,True,48.150000000000006,-60.900000000000006,True,False,3,0.05826370511002236,4.449999999999989,14.050000000000011,1.3000000000000114,20.05000000000001,lower_rejection,False,True,
2026-09-21,2026-09-21 04:05:00+00:00,LEVEL_TO_LEVEL,79.0,76.4,109.9,109.9,80.4,lower_rejection,NSE-NIFTY-22Sep26-23400-PE,2026-09-22,23400.0,PE,2,2026-09-21 04:15:00+00:00,76.4,SL,-2.5999999999999943,10.0,4,5,True,12.299999999999997,-38.0,True,False,0,0.08482452734922687,2.25,3.75,1.8499999999999943,8.149999999999991,lower_rejection,False,True,
2026-09-22,2026-09-22 04:40:00+00:00,LEVEL_TO_LEVEL,21.5,17.25,40.3,40.3,21.25,upper_rejection,NSE-NIFTY-22Sep26-23400-PE,2026-09-22,23400.0,PE,2,2026-09-22 05:05:00+00:00,40.3,TARGET,18.8,25.0,4,40,True,108.75,-0.1999999999999993,True,False,1,0.08137995382185366,0.5,0.6499999999999986,1.1999999999999993,2.4499999999999993,upper_rejection,False,False,25.0
2026-09-03,2026-09-03 04:20:00+00:00,LEVEL_TO_LEVEL,52.2,53.55,59.65,59.65,57.55,strong_green,NSE-NIFTY-22Sep26-23550-PE,2026-09-22,23550.0,PE,3,2026-09-03 04:25:00+00:00,53.55,SL,1.3499999999999943,5.0,4,20,True,31.049999999999997,1.1999999999999957,True,False,3,0.11053071180010222,-1.0499999999999972,0.0,0.0,0.05000000000000426,strong_green,False,True,
2026-09-04,2026-09-04 04:05:00+00:00,LEVEL_TO_LEVEL,68.5,63.25,70.05,70.05,67.25,strong_green,NSE-NIFTY-22Sep26-23550-PE,2026-09-22,23550.0,PE,3,2026-09-04 04:30:00+00:00,63.25,SL,-5.25,25.0,4,5,True,1.4500000000000028,-15.649999999999999,True,False,4,0.08293357742108097,-0.5,0.0,0.0,1.0499999999999972,strong_green,False,True,
2026-09-08,2026-09-08 04:45:00+00:00,LEVEL_TO_LEVEL,100.0,95.15,106.55,106.55,99.15,normal,NSE-NIFTY-22Sep26-23550-PE,2026-09-22,23550.0,PE,3,2026-09-08 05:05:00+00:00,106.55,TARGET,6.549999999999997,20.0,4,45,True,22.150000000000006,-0.6500000000000057,True,False,1,0.045082653550859164,2.950000000000003,1.7000000000000028,1.9500000000000028,6.950000000000003,normal,False,False,20.0
2026-09-11,2026-09-11 04:55:00+00:00,LEVEL_TO_LEVEL,318.35,296.65,350.95,350.95,300.65,strong_green,NSE-NIFTY-22Sep26-23550-PE,2026-09-22,23550.0,PE,3,2026-09-11 05:15:00+00:00,296.65,SL,-21.700000000000045,20.0,4,55,True,0.0,-109.45000000000002,True,False,4,0.02589225132290685,13.450000000000045,0.0,0.0,6.100000000000023,strong_green,False,True,
2026-09-17,2026-09-17 04:05:00+00:00,LEVEL_TO_LEVEL,295.3,295.6,373.15,373.15,299.6,lower_rejection,NSE-NIFTY-22Sep26-23550-PE,2026-09-22,23550.0,PE,3,2026-09-17 04:10:00+00:00,295.6,SL,0.3000000000000113,5.0,4,5,True,59.39999999999998,-79.15,True,False,3,0.045567992681101906,6.449999999999989,16.19999999999999,1.0,25.0,lower_rejection,False,True,
2026-09-21,2026-09-21 04:00:00+00:00,LEVEL_TO_LEVEL,176.15,177.0,218.4,218.4,181.0,lower_rejection,NSE-NIFTY-22Sep26-23550-PE,2026-09-22,23550.0,PE,3,2026-09-21 04:05:00+00:00,177.0,SL,0.8499999999999943,5.0,4,0,True,25.150000000000006,-60.30000000000001,True,False,0,0.04623583351639422,-0.29999999999998295,5.450000000000017,3.3499999999999943,10.300000000000011,lower_rejection,False,True,
2026-08-25,2026-08-25 04:30:00+00:00,LEVEL_TO_LEVEL,964.55,966.0,970.0,970.0,970.0,strong_green,NSE-NIFTY-25Aug26-23200-CE,2026-08-25,23200.0,CE,3,2026-08-25 05:00:00+00:00,966.0,SL,1.4500000000000457,30.0,4,30,True,168.10000000000014,-25.34999999999991,True,False,1,0.01961176852442734,4.5499999999999545,0.0,0.0,6.649999999999977,strong_green,False,True,
2026-08-24,2026-08-24 04:35:00+00:00,LEVEL_TO_LEVEL,1.15,-2.7,1.7,1.7,1.3,normal,NSE-NIFTY-25Aug26-23400-PE,2026-08-25,23400.0,PE,2,,,OPEN,,,4,35,True,0.10000000000000009,-0.44999999999999996,True,False,0,0.043188224289220485,0.0,0.0,0.050000000000000044,0.09999999999999987,normal,False,False,
2026-08-25,2026-08-25 04:35:00+00:00,LEVEL_TO_LEVEL,0.45,-3.5,0.7,0.7,0.5,strong_green,NSE-NIFTY-25Aug26-23400-PE,2026-08-25,23400.0,PE,2,,,OPEN,,,4,35,True,0.10000000000000003,-0.4,True,False,1,0.0897777288885067,0.0,0.0,0.0,0.04999999999999999,strong_green,False,False,
2026-08-24,2026-08-24 04:15:00+00:00,LEVEL_TO_LEVEL,1.35,-2.65,1.85,1.85,1.35,strong_green,NSE-NIFTY-25Aug26-23450-PE,2026-08-25,23450.0,PE,3,,,OPEN,,,4,15,True,0.04999999999999982,-0.55,True,False,0,,0.050000000000000044,0.0,0.0,0.10000000000000009,strong_green,False,False,
2026-08-25,2026-08-25 04:40:00+00:00,LEVEL_TO_LEVEL,0.45,-3.45,1.0,1.0,0.55,strong_green,NSE-NIFTY-25Aug26-23450-PE,2026-08-25,23450.0,PE,3,,,OPEN,,,4,40,True,0.2,-0.4,True,False,1,0.14861904961089853,0.0,0.0,0.0,0.04999999999999999,strong_green,False,False,
2026-08-24,2026-08-24 03:55:00+00:00,LEVEL_TO_LEVEL,122.15,118.45,130.4,130.4,122.45,normal,NSE-NIFTY-29Sep26-23950-PE,2026-09-29,23950.0,PE,2,2026-08-24 05:20:00+00:00,130.4,TARGET,8.25,85.0,3,55,True,48.0,1.1999999999999886,True,False,0,,0.5,1.0499999999999972,0.09999999999999432,2.0999999999999943,normal,False,False,85.0
2026-08-25,2026-08-25 04:10:00+00:00,LEVEL_TO_LEVEL,155.4,151.2,171.35,171.35,155.2,strong_green,NSE-NIFTY-29Sep26-23950-PE,2026-09-29,23950.0,PE,2,2026-08-25 06:10:00+00:00,151.2,SL,-4.200000000000017,120.0,4,10,True,14.650000000000006,-53.80000000000001,True,False,1,0.029221592450337487,8.450000000000017,0.0,0.0,4.75,strong_green,False,True,
2026-08-26,2026-08-26 04:00:00+00:00,LEVEL_TO_LEVEL,89.7,90.95,97.25,97.25,94.95,strong_green,NSE-NIFTY-29Sep26-23950-PE,2026-09-29,23950.0,PE,2,2026-08-26 04:05:00+00:00,90.95,SL,1.25,5.0,4,0,True,23.25,-6.700000000000003,True,False,2,0.03267273333101834,1.2000000000000028,0.0,0.0,2.049999999999997,strong_green,False,True,
2026-08-28,2026-08-28 04:05:00+00:00,LEVEL_TO_LEVEL,140.5,140.75,156.4,156.4,144.75,strong_green,NSE-NIFTY-29Sep26-23950-PE,2026-09-29,23950.0,PE,2,2026-08-28 04:10:00+00:00,140.75,SL,0.25,5.0,4,5,True,23.55000000000001,-22.349999999999994,True,False,4,0.04862979868202589,6.400000000000006,0.25,0.0,3.4499999999999886,strong_green,False,True,
2026-09-01,2026-09-01 04:05:00+00:00,LEVEL_TO_LEVEL,162.6,160.4,173.55,173.55,164.4,normal,NSE-NIFTY-29Sep26-23950-PE,2026-09-29,23950.0,PE,2,2026-09-01 04:15:00+00:00,173.55,TARGET,10.950000000000015,10.0,4,5,True,57.5,-34.8,True,False,1,0.05257855569646441,3.0999999999999943,0.29999999999998295,2.0,4.299999999999983,normal,False,False,10.0
2026-09-03,2026-09-03 04:20:00+00:00,LEVEL_TO_LEVEL,171.9,171.1,198.7,198.7,175.1,strong_green,NSE-NIFTY-29Sep26-23950-PE,2026-09-29,23950.0,PE,2,2026-09-03 05:10:00+00:00,198.7,TARGET,26.799999999999983,50.0,4,20,True,75.9,-0.6500000000000057,True,False,3,0.06747169069954875,2.8499999999999943,0.5,0.44999999999998863,3.8499999999999943,strong_green,False,False,50.0
2026-09-04,2026-09-04 04:25:00+00:00,LEVEL_TO_LEVEL,192.4,196.0,218.75,218.75,200.0,strong_green,NSE-NIFTY-29Sep26-23950-PE,2026-09-29,23950.0,PE,2,2026-09-04 04:30:00+00:00,196.0,SL,3.5999999999999943,5.0,4,25,True,9.449999999999989,-19.75,True,False,4,0.06169788581659066,-0.44999999999998863,0.799999999999983,0.29999999999998295,3.3999999999999773,strong_green,False,True,
2026-09-08,2026-09-08 04:10:00+00:00,LEVEL_TO_LEVEL,325.15,310.25,324.85,324.85,314.25,strong_green,NSE-NIFTY-29Sep26-23950-PE,2026-09-29,23950.0,PE,2,2026-09-08 04:15:00+00:00,324.85,TARGET,-0.2999999999999545,5.0,4,10,True,29.700000000000045,-29.799999999999955,True,False,1,0.04502237909293348,12.399999999999977,0.0,1.2000000000000455,11.700000000000045,strong_green,True,False,5.0
2026-09-09,2026-09-09 04:15:00+00:00,LEVEL_TO_LEVEL,439.1,423.5,446.2,446.2,427.5,strong_green,NSE-NIFTY-29Sep26-23950-PE,2026-09-29,23950.0,PE,2,2026-09-09 04:20:00+00:00,446.2,TARGET,7.099999999999966,5.0,4,15,True,65.64999999999998,-48.650000000000034,True,False,2,0.09241026953154338,18.75,0.0,0.8999999999999773,17.0,strong_green,False,False,5.0
2026-09-11,2026-09-11 04:05:00+00:00,LEVEL_TO_LEVEL,677.15,676.0,685.5,685.5,680.0,lower_rejection,NSE-NIFTY-29Sep26-23950-PE,2026-09-29,23950.0,PE,2,2026-09-11 04:10:00+00:00,685.5,TARGET,8.350000000000023,5.0,4,5,True,15.300000000000068,-173.89999999999998,True,False,4,0.10995127664831579,-4.550000000000068,6.149999999999977,0.0,8.049999999999955,lower_rejection,False,False,5.0
2026-09-17,2026-09-17 04:05:00+00:00,LEVEL_TO_LEVEL,654.9,669.2,689.55,689.55,673.2,strong_green,NSE-NIFTY-29Sep26-23950-PE,2026-09-29,23950.0,PE,2,2026-09-17 04:10:00+00:00,669.2,AMBIGUOUS_SL_FIRST,14.300000000000068,5.0,4,5,True,56.10000000000002,-91.75,True,False,3,0.015425999787356726,0.9499999999999318,2.3999999999999773,0.0,22.549999999999955,strong_green,False,True,
2026-09-21,2026-09-21 04:05:00+00:00,LEVEL_TO_LEVEL,560.5,560.45,566.3,566.3,564.45,strong_green,NSE-NIFTY-29Sep26-23950-PE,2026-09-29,23950.0,PE,2,2026-09-21 04:10:00+00:00,566.3,TARGET,5.7999999999999545,5.0,4,5,True,14.200000000000045,-70.44999999999999,True,False,0,0.01727785568907345,5.5,0.0,0.0,3.5,strong_green,False,False,5.0
2026-09-22,2026-09-22 04:25:00+00:00,LEVEL_TO_LEVEL,498.0,494.5,512.75,512.75,498.5,strong_green,NSE-NIFTY-29Sep26-23950-PE,2026-09-29,23950.0,PE,2,2026-09-22 04:30:00+00:00,494.5,SL,-3.5,5.0,4,25,True,165.0,-12.300000000000011,True,False,1,0.0159294926071887,6.0,0.10000000000002274,0.8999999999999773,3.0,strong_green,False,True,
2026-08-24,2026-08-24 03:55:00+00:00,LEVEL_TO_LEVEL,146.8,141.2,150.1,150.1,145.2,strong_green,NSE-NIFTY-29Sep26-24050-PE,2026-09-29,24050.0,PE,3,2026-08-24 04:00:00+00:00,150.1,TARGET,3.299999999999983,5.0,3,55,True,55.64999999999998,1.1499999999999773,True,False,0,,1.6500000000000057,0.0,0.0,2.0,strong_green,False,False,5.0
2026-08-25,2026-08-25 03:55:00+00:00,LEVEL_TO_LEVEL,182.45,193.1,202.7,202.7,197.1,strong_green,NSE-NIFTY-29Sep26-24050-PE,2026-09-29,24050.0,PE,3,2026-08-25 04:00:00+00:00,193.1,SL,10.650000000000006,5.0,3,55,True,21.400000000000006,-59.64999999999999,True,False,1,0.03911362083677421,1.799999999999983,0.0,0.0,1.4499999999999886,strong_green,False,True,
2026-08-26,2026-08-26 04:00:00+00:00,LEVEL_TO_LEVEL,109.6,107.2,118.75,118.75,111.2,normal,NSE-NIFTY-29Sep26-24050-PE,2026-09-29,24050.0,PE,3,2026-08-26 04:05:00+00:00,107.2,SL,-2.3999999999999915,5.0,4,0,True,28.700000000000017,-9.049999999999997,True,False,2,0.036386721420051366,2.8999999999999915,1.0,0.5,3.75,normal,False,True,
2026-08-28,2026-08-28 04:05:00+00:00,LEVEL_TO_LEVEL,169.55,169.7,182.3,182.3,173.7,normal,NSE-NIFTY-29Sep26-24050-PE,2026-09-29,24050.0,PE,3,2026-08-28 04:10:00+00:00,169.7,SL,0.1499999999999772,5.0,4,5,True,27.0,-24.450000000000017,True,False,4,0.04022859139336994,4.700000000000017,0.4000000000000057,3.3499999999999943,7.5,normal,False,True,
2026-09-01,2026-09-01 04:05:00+00:00,LEVEL_TO_LEVEL,204.05,194.8,210.25,210.25,198.8,strong_green,NSE-NIFTY-29Sep26-24050-PE,2026-09-29,24050.0,PE,3,2026-09-01 04:10:00+00:00,210.25,TARGET,6.199999999999989,5.0,4,5,True,59.55000000000001,-47.05000000000001,True,False,1,0.05643897714281108,9.450000000000017,0.15000000000000568,0.0,8.600000000000023,strong_green,False,False,5.0
2026-09-03,2026-09-03 04:20:00+00:00,LEVEL_TO_LEVEL,208.25,209.1,271.1,271.1,213.1,strong_green,NSE-NIFTY-29Sep26-24050-PE,2026-09-29,24050.0,PE,3,2026-09-03 04:25:00+00:00,209.1,SL,0.8499999999999943,5.0,4,20,True,93.25,-1.4000000000000057,True,False,3,0.06933581332948777,3.75,0.8500000000000227,0.19999999999998863,4.0,strong_green,False,True,
2026-09-04,2026-09-04 03:55:00+00:00,LEVEL_TO_LEVEL,253.75,240.8,264.75,264.75,244.8,strong_green,NSE-NIFTY-29Sep26-24050-PE,2026-09-29,24050.0,PE,3,2026-09-04 04:20:00+00:00,240.8,SL,-12.949999999999989,25.0,3,55,True,6.25,-42.0,True,False,4,0.06371102004795887,3.8499999999999943,0.9499999999999886,2.1999999999999886,9.199999999999989,strong_green,False,True,
2026-09-09,2026-09-09 04:10:00+00:00,LEVEL_TO_LEVEL,493.25,502.8,521.8,521.8,506.8,strong_green,NSE-NIFTY-29Sep26-24050-PE,2026-09-29,24050.0,PE,3,2026-09-09 04:15:00+00:00,502.8,SL,9.550000000000011,5.0,4,10,True,78.64999999999998,-35.14999999999998,True,False,2,0.08948744412760969,-6.75,0.0,0.0,3.25,strong_green,False,True,
2026-09-17,2026-09-17 04:10:00+00:00,LEVEL_TO_LEVEL,781.55,775.9,793.2,793.2,779.9,strong_green,NSE-NIFTY-29Sep26-24050-PE,2026-09-29,24050.0,PE,3,2026-09-17 04:20:00+00:00,775.9,SL,-5.649999999999977,10.0,4,10,True,-22.149999999999977,-122.54999999999995,True,False,3,0.032772435770440686,51.049999999999955,0.0,9.700000000000045,31.899999999999977,strong_green,False,True,
2026-09-21,2026-09-21 04:10:00+00:00,LEVEL_TO_LEVEL,662.85,646.8,678.2,678.2,650.8,strong_green,NSE-NIFTY-29Sep26-24050-PE,2026-09-29,24050.0,PE,3,2026-09-21 04:15:00+00:00,646.8,SL,-16.050000000000068,5.0,4,10,True,12.549999999999955,-76.75,True,False,0,0.02323856114790809,12.850000000000023,0.0,0.0,6.550000000000068,strong_green,False,True,
